label,ltable_Song_Name,ltable_Artist_Name,ltable_Album_Name,ltable_Genre,ltable_Price,ltable_CopyRight,ltable_Time,ltable_Released,rtable_Song_Name,rtable_Artist_Name,rtable_Album_Name,rtable_Genre,rtable_Price,rtable_CopyRight,rtable_Time,rtable_Released,id
1,Silver and Gold,Little Big Town,Pain Killer,"Country , Music , Honky Tonk , Contemporary Country",$ 1.29,"2014 Little Big Town , LLC Under exclusive license to Capitol Records Nashville",3:33,21-Oct-14,Silver And Gold,Little Big Town,Pain Killer,Country,$ 1.29,( C ) 2014 Little Big Town LLC Under exclusive license to Capitol Records Nashville,3:31,"October 21 , 2014",102
1,Halcyon,Ellie Goulding,Halcyon Days ( Deluxe Edition ),"Pop , Music , Dance , Rock",$ 1.29,‰ ãÑ 2013 Polydor Ltd. ( UK ),3:24,27-Aug-13,Halcyon,Ellie Goulding,Halcyon,Pop,$ 1.29,( C ) 2013 Polydor Ltd. ( UK ),3:24,"August 27 , 2013",308
1,True Colors ( feat . Nicki Minaj ),Wiz Khalifa,Blacc Hollywood,"Hip-Hop/Rap , Music , Rap , East Coast Rap , Hardcore Rap , Rock",$ 1.29,2014 Atlantic Recording Corporation for the United States and WEA International Inc. for the world outside of the United States . A Warner Music Group Company,4:15,19-Aug-14,True Colors ( feat . Nicki Minaj ) [ Explicit ],Wiz Khalifa,Blacc Hollywood [ Explicit ],Rap & Hip-Hop,$ 1.29,2014 Atlantic Recording Corporation for the United States and WEA International Inc. for the world outside of the United States . A Warner Music Group Company,4:15,"August 19 , 2014",35
1,"Turn Around ( 5,4,3,2,1 ) [ DJ Bam Bam Radio Remix ]",Flo Rida,"Turn Around ( 5,4,3,2,1 ) - Deluxe Single","Hip-Hop/Rap , Music , Electronic , Rap , Dirty South , Dance",$ 1.29,‰ ãÑ 2010 Atlantic Recording Corporation for the United States and WEA International Inc. for the world outside of the United States .,3:35,16-Nov-10,"Turn Around ( 5,4,3,2,1 )",Flo Rida,Only One Flo ( Part 1 ) [ Deluxe ] [ + Video ] [ + Digital Booklet ],Rap & Hip-Hop,$ 1.29,2010 Atlantic Recording Corporation for the United States and WEA International Inc. for the world outside of the United States,3:20,"November 26 , 2010",9
1,Gone,The Weeknd,Trilogy,"R&B / Soul , Music , Rock , Contemporary R&B",$ 1.29,"‰ ãÑ 2012 XO & co. , Inc.",8:07,13-Nov-12,Gone ( Album Version ( Edited ) ) [ Clean ],The Weeknd,Trilogy ( Edited Version ) [ Clean ],R&B,$ 1.29,"( C ) 2013 XO & co. , Inc.",8:07,"September 18 , 2015",169
1,I Ai n't Livin ' Long Like This,Chris Janson,Take It to the Bank - EP,"Country , Music",$ 1.29,2014 Sony Music Entertainment,4:13,24-Feb-14,I Ai n't Livin ' Long Like This,Chris Janson,Take It to the Bank ( EP ),Country,$ 1.29,( C ) 2012 Cash Money Records Inc.,4:13,"February 24 , 2014",231
1,I Ai n't Livin ' Long Like This,Chris Janson,Take It to the Bank - EP,"Country , Music",$ 1.29,2014 Sony Music Entertainment,4:13,24-Feb-14,I Ai n't Livin ' Long Like This,Chris Janson,Take It to the Bank ( EP ),Country,$ 1.29,( C ) 2012 Cash Money Records Inc.,4:13,"February 24 , 2014",202
1,I Ca n't Go There ( Acoustic Version ),Kenny Chesney,"No Shoes , No Shirt , No Problems","Country , Music , Contemporary Country , Urban Cowboy",$ 0.99,2002 BMG,3:45,2-Apr-02,I Ca n't Go There ( Acoustic Version ),Kenny Chesney,"No Shoes , No Shirt , No Problems",Country,$ 0.99,Underground Avenue,3:45,"April 2 , 2002",186
1,Who I Am With You,Chris Young,A.M.,"Country , Music , Urban Cowboy , Contemporary Country",$ 1.29,‰ ãÑ 2013 Sony Music Entertainment,3:13,16-Sep-13,Who I Am With You,Chris Young,A.M.,Country,$ 1.29,"( C ) 2010 Hollywood Records , Inc.",3:11,"September 16 , 2013",237
1,The Whisperer ( feat . Sia ),David Guetta,Listen,"Dance , Music , Electronic , House , Rock , French Pop",$ 1.29,"2014 What A Music Ltd. under exclusive license to Parlophone/Warner Music France , under exclusive license to Atlantic Recording Corporation for the United States . All rights reserved",3:54,24-Nov-14,The Whisperer ( feat . Sia ),David Guetta,Listen ( Deluxe ),Dance & Electronic,$ 1.29,2015 If Moving Your Mine,3:54,"November 24 , 2014",47
1,Doin ' My Thing,Luke Bryan,Doin ' My Thing,"Country , Music , Contemporary Country",$ 1.29,"‰ ãÑ 2009 Capitol Records Nashville . All rights reserved . Unauthorized reproduction is a violation of applicable laws . Manufactured by Capitol Records Nashville , 3322 West End Avenue , 11th Floor , Nashville , TN 37203",3:09,2-Oct-09,Doin ' My Thing,Luke Bryan,Doin ' My Thing,Country,$ 1.29,( C ) 2009 Capitol Records Nashville,3:09,"October 2 , 2009",277
1,Whateva ( feat . Monty ),Fetty Wap,Fetty Wap ( Deluxe ),"Hip-Hop/Rap , Music , Rap",Album Only,2015 300 Entertainment/RGF Productions,5:11,,Whateva ( feat . Monty ) [ Clean ],Fetty Wap,Fetty Wap ( Deluxe ) [ Clean ],Rap & Hip-Hop,$ 1.29,"( C ) 2000 Mute Records Ltd. , a BMG Company , under exclusive license to INgrooves",5:11,"September 25 , 2015",31
1,Goner,twenty one pilots,Blurryface,"Alternative , Music , Rock , Adult Alternative , Indie Rock,Hip-Hop / Rap , Rap , Underground Rap",$ 1.29,2015 Fueled By Ramen LLC for the United States and WEA International Inc. for the world outside of the United States . A Warner Music Group Company,3:56,15-May-15,Goner,twenty one pilots,Blurryface,Alternative Rock,$ 1.29,2015 Fueled By Ramen LLC for the United States and WEA International Inc. for the world outside of the United States . A Warner Music Group Company,3:56,"May 15 , 2015",213
1,Sunburn ( Bonus Track ),Ed Sheeran,#NAME ?,"Singer/Songwriter , Music",$ 1.29,2011 Warner Music UK Limited,4:35,9-Sep-11,Sunburn ( Deluxe Edition ),Ed Sheeran,#NAME ?,Pop,$ 1.29,Doll records,4:35,"September 9 , 2011",279
1,I Do n't Believe You ( Main Version ),P!NK,Funhouse,"Pop , Music , R&B / Soul , Dance , Pop/Rock",$ 1.29,‰ ãÑ LaFace Recording LLC,4:36,28-Oct-08,I Do n't Believe You,P!nk,Funhouse ( Explicit ),"R&B , Pop",$ 1.29,( c ) 2006 Roadshow,4:36,"October 28 , 2008",5
1,We Run,Sugarland,Love On the Inside ( Deluxe Fan Edition ),"Country , Music , Rock , Contemporary Country , Southern Rock , Contemporary Bluegrass",$ 1.29,"‰ ãÑ 2008 Mercury Records , a Division of UMG Recordings , Inc.",3:55,22-Jul-08,We Run,Sugarland,Love On The Inside,Country,$ 1.29,"( C ) 2008 Mercury Records , a Division of UMG Recordings , Inc.",3:56,"July 29 , 2008",101
1,Truce,twenty one pilots,Vessel,"Alternative , Music , Rock , Indie Rock,Hip-Hop / Rap , Rap , Underground Rap",$ 1.29,2012 Fueled By Ramen LLC for the United States and WEA International Inc. for the world outside of the United States .,2:22,4-Jan-13,Truce,twenty one pilots,Vessel,"Alternative Rock , Indie & Lo-Fi",$ 1.29,"( C ) 2000 Columbia Pictures Industries , Inc.",2:22,"January 4 , 2013",26
1,That Lucky Old Sun ( Just Rolls Around Heaven All Day ) [ With Willie Nelson ],Kenny Chesney & Willie Nelson,Lucky Old Sun,"Country , Music , Contemporary Country , Honky Tonk",$ 0.99,"2008 Blue Chair Records , LLC",4:16,2008,That Lucky Old Sun ( Just Rolls Around Heaven All Day ( with Willie Nelson ) ),Kenny Chesney,Lucky Old Sun,"Country , Contemporary Country",$ 0.99,"( P ) 2008 Blue Chair Records , LLC",4:16,"October 21 , 2008",24
1,Through the Ghost,Shinedown,Amaryllis,"Rock , Music , Alternative , Grunge , Hard Rock , Metal",$ 1.29,2012 Atlantic Recording Corporation for the United States and WEA International Inc. for the world outside of the United States,4:01,23-Mar-12,Through The Ghost,Shinedown,Amaryllis,Rock,$ 1.29,Krankbrother,4:01,"March 23 , 2012",120
1,Electro Man,Calvin Harris,I Created Disco,"Electronic , Music , Pop , Dance , Rock",$ 0.99,2007 SONY BMG MUSIC ENTERTAINMENT ( UK ) Limited,4:58,11-Jun-07,Electro Man,Calvin Harris,I Created Disco,"Dance & Electronic , Pop , House",$ 0.99,2002 Defected Records Ltd,4:56,"February 22 , 2012",95
1,Afire Love,Ed Sheeran,x,"Singer/Songwriter , Music , Pop , Rock , Contemporary Singer/Songwriter , Adult Alternative",$ 1.29,"2014 Asylum Records UK , a Warner Music UK Company",5:14,20-Jun-14,Afire Love,Ed Sheeran,x,Pop,$ 1.29,( C ) 2014 mau5trap Recordings Ltd,5:14,"June 20 , 2014",239
1,Afire Love,Ed Sheeran,x,"Singer/Songwriter , Music , Pop , Rock , Contemporary Singer/Songwriter , Adult Alternative",$ 1.29,"2014 Asylum Records UK , a Warner Music UK Company",5:14,20-Jun-14,Afire Love,Ed Sheeran,x,Pop,$ 1.29,( C ) 2014 mau5trap Recordings Ltd,5:14,"June 20 , 2014",314
1,I 've Got All This Ringing In My Ears and None On My Fingers,Fall Out Boy,Infinity On High,"Alternative , Music , Rock , Adult Alternative , Punk",$ 0.99,2007 The Island Def Jam Music Group,4:06,6-Feb-07,I 've Got All This Ringing In My Ears And None On My Fingers,Fall Out Boy,Infinity On High,Rock,$ 0.99,( C ) 2007 The Island Def Jam Music Group,4:06,"February 6 , 2007",76
1,Shining,X Ambassadors,The Reason - EP,"Alternative , Music , Rock , Adult Alternative , Electronic",$ 1.29,2015 KIDinaKORNER/Interscope Records,3:40,10-Aug-15,Shining,X Ambassadors,The Reason EP,Alternative Rock,$ 1.29,( C ) 2015 KIDinaKORNER/Interscope Records,3:37,"August 10 , 2015",158
1,Fly Solo,Wiz Khalifa,Rolling Papers ( Deluxe Version ),"Hip-Hop/Rap , Music , Hardcore Rap , East Coast Rap , Rap",$ 1.29,‰ ãÑ 2011 Atlantic Recording Corporation for the United States and WEA International Inc. for the world outside of the United States,3:20,28-Mar-11,Fly Solo [ Clean ],Wiz Khalifa,Rolling Papers ( Deluxe ) [ + Video ] [ + Digital Booklet ],Rap & Hip-Hop,$ 1.29,2011 Atlantic Recording Corporation for the United States and WEA International Inc. for the world outside of the United States,3:20,"March 28 , 2011",200
1,Take You,Justin Bieber,Believe,"Pop , Music , Dance , Vocal , Teen Pop , Rock",$ 1.29,‰ ãÑ 2012 The Island Def Jam Music Group,3:40,19-Jun-12,Take You ( Album Version ),Justin Bieber,Believe,Pop,$ 1.29,( C ) 2012 The Island Def Jam Music Group,3:40,"June 19 , 2012",209
1,"Crack In the Pearl , Pt . II ( feat . Stevie Wonder & Jeff Bhasker )",Mark Ronson,Uptown Special,"Pop , Music , R&B / Soul , Funk , Soul",$ 1.29,"Tracks 4 & 6 ( P ) 2014 , all other tracks ( P ) 2015 Mark Ronson under exclusive licence to Sony Music Entertainment UK Limited",2:16,13-Jan-15,"Crack In the Pearl , Pt . II",Mark Ronson,Uptown Special [ Clean ],Pop,$ 1.29,2015 Real Sounds,2:16,"January 13 , 2015",118
1,Slow Down ( Smash Mode Remix ),Selena Gomez,Slow Down ( Remixes ),"Dance , Music , Reggae , Rock , Electronic",$ 1.29,"2013 Hollywood Records , Inc.",5:21,20-Aug-13,Slow Down ( Smash Mode Remix ),Selena Gomez,Slow Down Remixes,Dance & Electronic,$ 1.29,"( C ) 2013 Hollywood Records , Inc.",5:21,"August 20 , 2013",300
1,Son of Sam ( Bonus Track ),Shinedown,The Sound of Madness ( Deluxe Version ),"Rock , Music , Metal , Alternative , Grunge , Hard Rock",Album Only,2008 Atlantic Recording Corp. for the United States and WEA International Inc. for the world outside of the United States,3:37,23-Jun-08,Son Of Sam ( Bonus Track ),Shinedown,The Sound Of Madness [ Explicit ] [ Deluxe ],Rock,$ 0.99,2005 Z Records,3:37,"June 24 , 2008",316
1,It Girl,Jason Derulo,Future History ( Deluxe Version ),"Pop , Music , Rock , R&B / Soul , Contemporary R&B , Dance",$ 1.99,2011 Warner Bros. . Records Inc.,3:13,16-Sep-11,It Girl,Jason Derulo,Future History ( Deluxe Version ),Pop,$ 1.29,( C ) 2013 Hit Red Records under exclusive license to Capitol Records Nashville,3:12,"September 16 , 2011",235
1,Credit,Meghan Trainor,Title ( Deluxe ),"Pop , Music , Rock , Pop/Rock , Dance , Teen Pop",$ 1.29,"2014 , 2015 Epic Records , a division of Sony Music Entertainment",2:51,9-Jan-15,Credit,Meghan Trainor,Title ( Deluxe ),Pop,$ 1.29,"2011 What A Music Ltd , licence exclusive Parlophone Music France",2:51,"January 9 , 2015",197
1,Skrillex Orchestral Suite By Varien ( Bonus Track ),Skrillex,Bangarang,"Dance , Music , Electronic",$ 1.29,"2012 Big Beat Records , Inc. for the United States and WEA International for the world outside the United States .",6:54,27-Dec-11,Skrillex Orchestral Suite By Varien ( Bonus Track ),Skrillex,Bangarang EP [ Explicit ],"Dance & Electronic , Dubstep",$ 1.29,Elektroshok Records,6:54,"December 27 , 2011",49
1,"Piensas en M ' _ ( feat . Luigi 21 Plus , Jory & Yelsid ) [ Remix ]",Nicky Jam,Nicky Jam Hits,"Latin Urban , Music , Latino",$ 0.99,2014 La Industria Inc. . Licencia a Codiscos S.A.S.,4:46,9-Sep-14,Piensas en MÌ _ ( Remix ),Nicky Jam,Nicky Jam Hits,"International , Latin Music",$ 0.99,( C ) 2014 Codiscos S.A.S.,4:46,"September 9 , 2014",57
1,Speakers,Sam Hunt,Montevallo,"Country , Music , Pop , Pop/Rock , Honky Tonk , Contemporary Country , Rock",$ 1.29,"2014 MCA Nashville , a Division of UMG Recordings , Inc.",3:46,27-Oct-14,Speakers,Sam Hunt,Montevallo,Country,$ 1.29,"( C ) 2014 MCA Nashville , a Division of UMG Recordings , Inc.",3:48,"October 27 , 2014",90
1,Cameras,Wiz Khalifa,Rolling Papers,"Hip-Hop/Rap , Music , Rap , East Coast Rap , Hardcore Rap",$ 1.29,2011 Atlantic Recording Corporation for the United States and WEA International Inc. for the world outside of the United States,4:29,28-Mar-11,Cameras [ Clean ],Wiz Khalifa,Rolling Papers ( Deluxe ) [ + Video ] [ + Digital Booklet ],Rap & Hip-Hop,$ 1.29,2011 Atlantic Recording Corporation for the United States and WEA International Inc. for the world outside of the United States,4:29,"March 28 , 2011",296
1,6PM In New York,Drake,If You 're Reading This It 's Too Late,"Hip-Hop/Rap , Music , Hardcore Rap , Rap , R&B / Soul , Contemporary R&B",$ 1.29,2015 Cash Money Records Inc.,4:43,13-Feb-15,6PM In New York [ Explicit ],Drake,If You 're Reading This It 's Too Late [ Explicit ],Rap & Hip-Hop,$ 1.29,( C ) 2015 Cash Money Records Inc.,4:43,"February 13 , 2015",134
1,Chevy Van,Eric Church,Caldwell County - EP,"Country , Music , Contemporary Country",$ 1.29,"2011 EMI Records Nashville . All rights reserved . Unauthorized reproduction is a violation of applicable laws . Manufactured by Capitol Records Nashville , 3322 West End Avenue , 11th Floor , Nashville , TN 37203",2:48,14-Jan-11,Chevy Van,Eric Church,Caldwell County EP,Country,$ 1.29,( C ) 2011 EMI Records Nashville,2:48,"January 14 , 2011",137
1,Space Bound,Eminem,Recovery ( Deluxe Edition ),"Hip-Hop/Rap , Music , Rock , Hardcore Rap , Rap",$ 1.29,‰ ãÑ 2010 Aftermath Records,4:38,21-Jun-10,Space Bound [ Explicit ],Eminem,Recovery ( Amazon Version ) [ Explicit ] [ + video ] [ + digital booklet ],"Gangsta & Hardcore , Rap & Hip-Hop",$ 1.29,( C ) 2010 Aftermath Records,4:39,"June 21 , 2010",131
1,We Dem Boyz,Wiz Khalifa,Blacc Hollywood ( Deluxe Version ),"Hip-Hop/Rap , Music , Rap , Hardcore Rap , East Coast Rap , Rock",$ 1.99,2014 Atlantic Recording Corporation for the United States and WEA International Inc. for the world outside of the United States . A Warner Music Group Company,3:56,19-Aug-14,We Dem Boyz [ Explicit ],Wiz Khalifa,Blacc Hollywood [ Explicit ],Rap & Hip-Hop,$ 1.29,2014 Atlantic Recording Corporation for the United States and WEA International Inc. for the world outside of the United States . A Warner Music Group Company,3:45,"August 19 , 2014",273
1,G.U.Y.,Lady Gaga,ARTPOP,"Pop , Music , Dance , Rock",$ 1.29,‰ ãÑ 2013 Interscope Records,3:52,11-Nov-13,G.U.Y. [ Clean ],Lady Gaga,Artpop [ Clean ],Pop,$ 1.29,( C ) 2013 Interscope Records,3:52,"November 11 , 2013",272
1,Tackle Box,Luke Bryan,I 'll Stay Me,"Country , Music , Contemporary Country , Pop",$ 1.29,"2006 , 2007 Capitol Records Nashville . All rights reserved . Unauthorized reproduction is a violation of applicable laws . Manufactured by Capitol Records Nashville , 3322 West End Avenue , 11th Floor , Nashville , TN 37203",4:02,14-Aug-07,Tackle Box,Luke Bryan,I 'll Stay Me,Country,$ 1.29,"( C ) 2007 Capitol Records Nashville . All rights reserved . Unauthorized reproduction is a violation of applicable laws . Manufactured by Capitol Records Nashville , 3322 West End Avenue , 11th Floor , Nash",4:02,"August 14 , 2007",3
1,Tackle Box,Luke Bryan,I 'll Stay Me,"Country , Music , Contemporary Country , Pop",$ 1.29,"2006 , 2007 Capitol Records Nashville . All rights reserved . Unauthorized reproduction is a violation of applicable laws . Manufactured by Capitol Records Nashville , 3322 West End Avenue , 11th Floor , Nashville , TN 37203",4:02,14-Aug-07,Tackle Box,Luke Bryan,I 'll Stay Me,Country,$ 1.29,"( C ) 2007 Capitol Records Nashville . All rights reserved . Unauthorized reproduction is a violation of applicable laws . Manufactured by Capitol Records Nashville , 3322 West End Avenue , 11th Floor , Nash",4:02,"August 14 , 2007",204
1,X2CU,Jason Derulo,Everything Is 4,"Pop , Music , Rock , Dance , R&B / Soul , Contemporary R&B",$ 1.29,2015 Warner Bros. . Records Inc.,5:13,29-May-15,X2CU,Jason Derulo,Everything Is 4 [ Clean ],Pop,$ 1.29,2011 Because Music,5:14,"June 1 , 2015",258
1,I Thought You Knew,Keith Urban,Keith Urban,"Country , Music , Honky Tonk , Contemporary Country",$ 1.29,1999 Capitol Records Nashville,3:51,19-Oct-99,I Thought You Knew,Keith Urban,Keith Urban,Country,$ 1.29,( C ) 1999 Capitol Records Nashville,3:51,"October 19 , 1999",1
1,Love Song,P!NK,Try This,"Pop , Music , Teen Pop , Electronic , Pop/Rock , R&B / Soul , Dance",$ 0.99,"2003 Arista Records , Inc.",2:28,10-Nov-03,Love Song,P!nk,Try This [ Explicit ],Pop,$ 0.99,CWM records,2:27,"November 11 , 2003",290
1,Extra Extra Credit,Wiz Khalifa,Flight School,"Hip-Hop/Rap , Music",$ 0.99,2009 Rostrum Records,4:03,17-Apr-09,Extra Extra Credit [ Explicit ],Wiz Khalifa,Flight School [ Explicit ],Rap & Hip-Hop,$ 0.99,2013 Mad Decent,4:03,"April 17 , 2009",283
1,Voy a Beber ( feat . ' • ejo ) [ Remix ],Nicky Jam,"Greatest Hits , Vol . 1","Latin Urban , Music , Latino",$ 0.99,2014 La Industria Inc licencia a Codiscos S.A.S.,3:44,4-Nov-14,Voy a Beber ( Remix ),Nicky Jam,"Greatest Hits , Vol . 1","International , Latin Music",$ 0.99,( C ) 2014 La industria Inc,3:44,"November 4 , 2014",129
1,The Back Roads and the Back Row,Cole Swindell,Cole Swindell,"Country , Music , Contemporary Country",$ 1.29,2014 Warner Music Nashville LLC and WEA International Inc. for the world outside the U.S.,3:41,18-Feb-14,The Back Roads & The Back Row,Cole Swindell,Cole Swindell,Country,$ 1.29,"( C ) 2011 UMG Recordings , Inc.",3:44,"February 18 , 2014",292
1,VHS Outro ( Interlude ),X Ambassadors,VHS,"Alternative , Music , Rock , Adult Alternative",$ 1.29,2015 KIDinaKORNER/Interscope Records,1:25,30-Jun-15,VHS Outro ( Interlude ) [ Explicit ],X Ambassadors,VHS [ Explicit ],Alternative Rock,$ 1.29,( C ) 2015 KIDinaKORNER/Interscope Records,1:25,"June 30 , 2015",41
1,VHS Outro ( Interlude ),X Ambassadors,VHS,"Alternative , Music , Rock , Adult Alternative",$ 1.29,2015 KIDinaKORNER/Interscope Records,1:25,30-Jun-15,VHS Outro ( Interlude ) [ Explicit ],X Ambassadors,VHS [ Explicit ],Alternative Rock,$ 1.29,( C ) 2015 KIDinaKORNER/Interscope Records,1:25,"June 30 , 2015",53
1,Die in Your Arms,Justin Bieber,Believe ( Deluxe Edition ),"Pop , Music",$ 1.29,‰ ãÑ 2012 The Island Def Jam Music Group,3:57,19-Jun-12,Die In Your Arms ( Album Version ),Justin Bieber,Believe,Pop,$ 1.29,( C ) 2012 The Island Def Jam Music Group,3:57,"June 19 , 2012",153
1,Backwoods Beauty Queen,Florida Georgia Line,Anything Like Me - EP,"Country , Music , Honky Tonk , Urban Cowboy , Contemporary Country",$ 0.99,2011 Florida Georgia Line,4:15,14-Dec-10,Backwoods Beauty Queen,Florida Georgia Line,Anything Like Me,Country,$ 0.99,2011 Florida Georgia Line,4:15,"December 14 , 2010",64
1,The Back Roads and the Back Row,Cole Swindell,Cole Swindell,"Country , Music , Contemporary Country",$ 1.29,2014 Warner Music Nashville LLC and WEA International Inc. for the world outside the U.S.,3:41,18-Feb-14,The Back Roads & The Back Row,Cole Swindell,Cole Swindell,Country,$ 1.29,"( C ) 2011 UMG Recordings , Inc.",3:44,"February 18 , 2014",152
1,Fake ( Demo ),Shinedown,Us and Them ( Deluxe Version ),"Rock , Music , Metal , Hard Rock , Alternative",$ 1.29,2009 Atlantic Recording Corporation for the United States and WEA International Inc. for the world outside of the United States .,5:05,4-Oct-05,Fake [ Demo ],Shinedown,Us And Them ( Deluxe ) [ Explicit ],Rock,$ 1.29,2015 Real Sounds,5:05,"October 4 , 2005",313
1,White Horse,Taylor Swift,Fearless,"Country , Music , Rock , Honky Tonk , Pop , Adult Contemporary , Contemporary Country",$ 1.29,"‰ ãÑ 2008 Big Machine Records , LLC",3:54,11-Nov-08,White Horse,Taylor Swift,Fearless,"Country , Country Rock , Rock",$ 1.29,"( C ) 2008 Big Machine Records , LLC",3:54,"November 11 , 2008",91
1,Over When It 's Over,Eric Church,Chief,"Country , Music , Rock , Contemporary Country , Urban Cowboy",$ 1.29,"‰ ãÑ 2011 EMI Records Nashville . All rights reserved . Unauthorized reproduction is a violation of applicable laws . Manufactured by Capitol Records Nashville , 3322 West End Avenue , 11th Floor , Nashville , TN 37203",2:39,22-Jul-11,Over When It 's Over,Eric Church,Chief,Country,$ 1.29,( C ) 2011 EMI Records Nashville,2:39,"July 22 , 2011",16
1,Nothing Would Be Better,Nick Jonas,Nick Jonas,"Pop , Music , Pop/Rock , Rock",$ 1.29,"2014 Island Records , a division of UMG Recordings , Inc. / Safehouse Records , LLC",4:34,10-Nov-14,Nothing Would Be Better,Nick Jonas,Nick Jonas ( Deluxe ) [ Explicit ],Pop,$ 1.29,"( C ) 2014 Island Records/Safehouse Records LLC , a division of UMG Recordings , Inc.",4:34,"November 10 , 2014",150
1,VHS Outro ( Interlude ),X Ambassadors,VHS,"Alternative , Music , Rock , Adult Alternative",$ 1.29,2015 KIDinaKORNER/Interscope Records,1:25,30-Jun-15,VHS Outro ( Interlude ) [ Clean ],X Ambassadors,VHS [ Clean ],Alternative Rock,$ 1.29,( C ) 2015 KIDinaKORNER/Interscope Records,1:26,"June 30 , 2015",98
1,Wildest Dreams,Taylor Swift,1989,"Pop , Music , Rock",$ 1.29,"‰ ãÑ 2014 Big Machine Records , LLC .",3:40,27-Oct-14,Wildest Dreams,Taylor Swift,1989,Pop,$ 1.29,"( C ) 2014 Big Machine Records , LLC .",3:40,"October 27 , 2014",28
1,One Mississippi ( Live from CMT `` Listen Up '' ),Brett Eldredge,Bring You Back,"Country , Music , Honky Tonk , Traditional Country , Contemporary Country",$ 1.29,2013 Atlantic Recording Corporation for the United States and WEA International Inc. for the world outside of the United States,4:10,6-Aug-13,One Mississippi,Brett Eldredge,Bring You Back,Country,$ 1.29,2011 Toraay Records,3:45,"August 6 , 2013",46
1,Rashi ( Outro ),Mark Ronson,Here Comes the Fuzz,"Dance,Music,Hip-Hop / Rap,Hip-Hop , Alternative Rap , R&B / Soul , Soul , Electronic",$ 0.99,2003 Elektra Entertainment for the United States and WEA International Inc. for the world outside of the United States .,2:01,29-Aug-03,Rashi ( Outro ),Mark Ronson,Here Comes The Fuzz [ Explicit ],Dance & Electronic,$ 0.99,( c ) 2015 Karaoke Freaks,2:01,"August 29 , 2003",79
1,Sunburn ( Bonus Track ),Ed Sheeran,#NAME ?,"Singer/Songwriter , Music",$ 1.29,2011 Warner Music UK Limited,4:35,9-Sep-11,Sunburn ( Deluxe Edition ),Ed Sheeran,#NAME ?,Pop,$ 1.29,Doll records,4:35,"September 9 , 2011",187
1,Available ( feat . Akon ),Flo Rida,R.O.O.T.S. ( Deluxe Version ),"Hip-Hop/Rap , Music",$ 1.29,‰ ãÑ 2009 Atlantic Recording Corporation for the United States and WEA International Inc. for the world outside of the United States,4:24,30-Mar-09,Available [ Feat . Akon ],Flo Rida,R.O.O.T.S. ( Route Of Overcoming The Struggle ) ( Amended Amazon Exclusive ) [ Clean ],Rap & Hip-Hop,$ 1.29,"( C ) 2012 Motown Records , a Division of UMG Recordings , Inc.",4:24,"March 30 , 2009",7
1,Clean,Ryan Adams,1989,"Rock , Music",$ 1.29,2015 PaxAmericana Recording Company Under Exclusive License To Blue Note Records,4:23,21-Sep-15,Clean,Ryan Adams,1989,Rock,$ 1.29,( C ) 2015 PaxAmericana Recording Company Under Exclusive License To Blue Note Records,4:23,"September 21 , 2015",25
1,We 're All the Same,Calvin Harris,I Created Disco,"Dance , Music , R&B / Soul , Disco , Electronic , Rock",$ 0.99,2007 SONY BMG MUSIC ENTERTAINMENT ( UK ) Limited,3:56,18-Jun-07,We 're All The Same,Calvin Harris,I Created Disco,"Dance & Electronic , Pop , House",$ 0.99,2002 Defected Records Ltd,3:56,"February 22 , 2012",293
1,Take '`` There ( feat . Kiesza ) [ Missy Elliott Remix ] [ Bonus Track ],Skrillex & Diplo,Skrillex and Diplo Present Jack '``,"Dance,Music,Hip-Hop / Rap , Jazz , Bop , Electronic , Rap , Rock",$ 1.29,2015 Atlantic Recording Corporation for the US and WEA International for the world outside the United States . A Warner Music Group Company,3:30,24-Feb-15,Take ÌÏ There ( feat . Kiesza ) [ Missy Elliott Remix ] [ Bonus Track ],"Skrillex , Diplo",Skrillex and Diplo present Jack ÌÏ [ Explicit ],Dance & Electronic,$ 1.29,2012 Knight Skreams,3:30,"February 24 , 2015",306
1,Over When It 's Over ( Live ),Eric Church,Caught In the Act ( Live ),"Country , Music , Contemporary Country , Urban Cowboy",$ 1.29,"‰ ãÑ 2013 EMI Records Nashville . All rights reserved . Unauthorized reproduction is a violation of applicable laws . Manufactured by Capitol Records Nashville , 401 Commerce Street , Suite 1100 , Nashville , TN 37219",2:59,5-Apr-13,Over When It 's Over,Eric Church,Caught In The Act : Live,Country,$ 1.29,( C ) 2013 EMI Records Nashville,2:59,"April 5 , 2013",242
1,"I Do n't Like It , I Love It ( feat . Robin Thicke & Verdine White ) [ Kasum Remix ]",Flo Rida,"I Do n't Like It , I Love It ( feat . Robin Thicke & Verdine White ) [ Kasum Remix ] - Single","Dance , Music",$ 1.29,2015 Atlantic Recording Corporation for the United States and WEA International Inc. for the world outside of the United States . A Warner Music Group Company,3:19,10-Jul-15,"I Do n't Like It , I Love It ( feat . Robin Thicke & Verdine White ) [ Noodles Remix ]",Flo Rida,"I Do n't Like It , I Love It ( feat . Robin Thicke & Verdine White ) [ Noodles Remix ]",Dance & Electronic,$ 1.29,2015 Atlantic Recording Corporation for the United States and WEA International Inc. for the world outside of the United States . A Warner Music Group Company,4:27,"June 23 , 2015",274
1,The Tin Man,Kenny Chesney,All I Need to Know,"Country , Music , Urban Cowboy , Contemporary Country",$ 0.99,"1995 , BMG Entertainment",3:25,13-Jun-95,The Tin Man,Kenny Chesney,All I Need To Know,Country,$ 0.99,2014 Scotty 2 Music Ascap,3:26,"June 13 , 1995",6
1,Nothing Would Be Better,Nick Jonas,Nick Jonas,"Pop , Music , Christian & Gospel , Gospel , Pop/Rock , Teen Pop , Rock",$ 1.29,"2014 Island Records , a division of UMG Recordings , Inc. / Safehouse Records , LLC",4:34,10-Nov-14,Nothing Would Be Better,Nick Jonas,Nick Jonas ( Deluxe ) [ Explicit ],Pop,$ 1.29,"( C ) 2014 Island Records/Safehouse Records LLC , a division of UMG Recordings , Inc.",4:34,"November 10 , 2014",175
1,Going Away For a While,Brett Eldredge,Illinois,"Country , Music , Contemporary Country , Honky Tonk , Traditional Country",$ 1.29,2015 Atlantic Recording Corporation for the United States and WEA International Inc. for the world outside of the United States . A Warner Music Group Company,3:13,11-Sep-15,Going Away For A While,Brett Eldredge,Illinois,Country,$ 1.29,( c ) Phonotype,3:15,"September 11 , 2015",103
1,Closer ( feat . Mike Posner ),Nick Jonas,Nick Jonas ( Deluxe ),"Pop , Music , Rock , Pop/Rock",$ 1.29,"2014 Island Records , a division of UMG Recordings , Inc. / Safehouse Records , LLC",3:48,10-Nov-14,Closer [ feat . Mike Posner ] [ Clean ],Nick Jonas,Nick Jonas ( Deluxe ) [ Clean ],Pop,$ 1.29,"( C ) 2014 Island Records/Safehouse Records LLC , a division of UMG Recordings , Inc.",3:48,"November 10 , 2014",74
1,Firefly ( Bravado Dubstep Remix ),Ed Sheeran,Loose Change,"Singer/Songwriter , Music , Contemporary Singer/Songwriter , Rock , Adult Alternative",$ 1.29,2010 All tracks ( p ) 2010 Paw Print Records under exclusive license to Warner Music UK Limited except for track 1 ( p ) 2011Paw Print Records under exclusive license to Warner Music UK Limited,4:29,9-Dec-11,Firefly ( Bravado Dubstep Remix ),Ed Sheeran,Loose Change,Pop,$ 1.29,( C ) 2007 Geffen Records/Mosley Music Group LLC,4:29,"December 9 , 2011",318
1,From Time ( feat . Jhene Aiko ),Drake,Nothing Was the Same,"Hip-Hop/Rap , Music , Rap , Hardcore Rap , R&B / Soul , Contemporary R&B",$ 1.29,‰ ãÑ 2013 Cash Money Records Inc.,5:22,24-Sep-13,From Time [ feat . JhenÌ © Aiko ] [ Explicit ],Drake,Nothing Was The Same [ Explicit ],Rap & Hip-Hop,$ 1.29,( C ) 2013 Cash Money Records Inc.,5:22,"September 24 , 2013",280
1,Remember You ( feat . The Weeknd ),Wiz Khalifa,O.N.I.F.C. ( Deluxe Version ),"Hip-Hop/Rap , Music , East Coast Rap , Hardcore Rap , Rap",$ 1.99,2012 Atlantic Recording Corporation for the United States and WEA International Inc. for the world outside of the United States,5:20,4-Dec-12,Remember You ( feat . The Weeknd ) [ Explicit ],Wiz Khalifa,O.N.I.F.C. [ Explicit ],Rap & Hip-Hop,$ 1.29,2012 Atlantic Recording Corporation for the United States and WEA International Inc. for the world outside of the United States,4:49,"December 4 , 2012",164
1,Boiling ( Medlar Remix ),Disclosure,Control,"Electronic , Music , Dance",$ 1.29,2013 Greco-Roman Ltd,5:52,2-Apr-13,Boiling ( Medlar Remix ),Disclosure,Control,Dance & Electronic,$ 0.89,2013 Greco-Roman Ltd,5:52,"April 2 , 2013",149
1,Billy,Keith Urban,In the Ranch,"Country , Music , Honky Tonk , Contemporary Country",$ 1.29,1997 Capitol Nashville,3:46,1997,Billy,Keith Urban,Keith Urban In The Ranch,Country,$ 1.29,( c ) 1997 Capitol Nashville,3:46,"February 10 , 2004",180
1,That Lucky Old Sun ( Just Rolls Around Heaven All Day ) [ With Willie Nelson ],Kenny Chesney & Willie Nelson,Lucky Old Sun,"Country , Music , Contemporary Country , Honky Tonk",$ 0.99,"2008 Blue Chair Records , LLC",4:16,2008,That Lucky Old Sun ( Just Rolls Around Heaven All Day ( with Willie Nelson ) ),Kenny Chesney,Lucky Old Sun [ + video ],Country,$ 0.99,"( P ) 2008 Blue Chair Records , LLC and BMG Music",4:16,"April 24 , 2012",73
