label,ltable_Beer_Name,ltable_Brew_Factory_Name,ltable_Style,ltable_ABV,rtable_Beer_Name,rtable_Brew_Factory_Name,rtable_Style,rtable_ABV,id
0,C N Red Imperial Red Ale,Redwood Lodge,American Amber / Red Ale,8.10 %,Kinetic Infrared Imperial Red Ale,Kinetic Brewing Company,American Strong Ale,9.30 %,0
0,Mountain Series : Love Rhino ( Imperial Red Ale ),Breckenridge Brewery,American Amber / Red Ale,8.90 %,Kinetic Infrared Imperial Red Ale,Kinetic Brewing Company,American Strong Ale,9.30 %,1
0,Arthur 's Imperial Red Ale,Otto 's Pub and Brewery,American Amber / Red Ale,6.90 %,Kinetic Infrared Imperial Red Ale,Kinetic Brewing Company,American Strong Ale,9.30 %,2
0,Deranger Imperial Red Ale,Laurelwood Public House & Brewery,American Amber / Red Ale,8.60 %,Kinetic Infrared Imperial Red Ale,Kinetic Brewing Company,American Strong Ale,9.30 %,3
0,Red Shedman 's Imperial Amber Ale,57 Brew Pub & Bistro,American Amber / Red Ale,7.60 %,Kinetic Infrared Imperial Red Ale,Kinetic Brewing Company,American Strong Ale,9.30 %,4
0,C N Red Imperial Red Ale,Redwood Lodge,American Amber / Red Ale,8.10 %,Ballast Point Tongue Buckler Imperial Red Ale,Ballast Point Brewing Company,American Strong Ale,10 %,5
0,Double Dread Imperial Red Ale,Mad River Brewing Company,American Amber / Red Ale,8.60 %,Ballast Point Tongue Buckler Imperial Red Ale,Ballast Point Brewing Company,American Strong Ale,10 %,6
0,West Sixth / Country Boy Country Western ( Volume 3 Imperial Red Ale ),West Sixth Brewing Company,American Amber / Red Ale,13.00 %,Ballast Point Tongue Buckler Imperial Red Ale,Ballast Point Brewing Company,American Strong Ale,10 %,7
0,C N Red Imperial Red Ale,Redwood Lodge,American Amber / Red Ale,8.10 %,Tumbledown Imp Imperial Red Ale,Tumbledown Brewing LLC,American Strong Ale,7.80 %,8
0,Roundabout Imperial Red Ale,Bonfire Brewing Co. .,American Amber / Red Ale,8.80 %,Tumbledown Imp Imperial Red Ale,Tumbledown Brewing LLC,American Strong Ale,7.80 %,9
0,Merry Prankster Imperial Red Ale,Rock Bottom Restaurant & Brewery,American Amber / Red Ale,4.56 %,Tumbledown Imp Imperial Red Ale,Tumbledown Brewing LLC,American Strong Ale,7.80 %,10
0,Mountain Series : Love Rhino ( Imperial Red Ale ),Breckenridge Brewery,American Amber / Red Ale,8.90 %,Tumbledown Imp Imperial Red Ale,Tumbledown Brewing LLC,American Strong Ale,7.80 %,11
0,6th Anniversary Ale ( Dirty Hippie Imperial Red Ale ),Kern River Brewing Company,American Amber / Red Ale,8.00 %,Tumbledown Imp Imperial Red Ale,Tumbledown Brewing LLC,American Strong Ale,7.80 %,12
0,Ale Mania Imperial Red Ale,Ale-Mania,American Amber / Red Ale,9.50 %,Tumbledown Imp Imperial Red Ale,Tumbledown Brewing LLC,American Strong Ale,7.80 %,13
0,Kniksen India Red Ale,7 Fjell Bryggeri,American Amber / Red Ale,6.80 %,Boneyard Skunkape India Red Ale,Boneyard Beer Company,India Pale Ale &#40; IPA &#41;,6.50 %,15
0,Kniksen India Red Ale,7 Fjell Bryggeri,American Amber / Red Ale,6.80 %,Good People Stepchild Belgian India Red Ale,Good People Brewing Company,India Pale Ale &#40; IPA &#41;,7.80 %,16
0,Street Cred India Rye Red Ale,Roaring Fork Beer Company,American Amber / Red Ale,7.20 %,Good People Stepchild Belgian India Red Ale,Good People Brewing Company,India Pale Ale &#40; IPA &#41;,7.80 %,17
0,Buffalo Trace Bourbon Barrel Aged Amber Ale,Wolf Hills Brewing Company,American Amber / Red Ale,-,Ballast Point Calico Amber Ale - Rum Barrel Aged,Ballast Point Brewing Company,Amber Ale,5 %,18
0,Barrel Aged Red Ale,BearWaters Brewing Co. .,American Amber / Red Ale,6.70 %,Ballast Point Calico Amber Ale - Rum Barrel Aged,Ballast Point Brewing Company,Amber Ale,5 %,19
0,Buffalo Trace Bourbon Barrel Aged Amber Ale,Wolf Hills Brewing Company,American Amber / Red Ale,-,Barley_s Barrel Aged Ulysses Imperial Red Ale,Barley_s Brewing Company,American Strong Ale,8.60 %,20
0,Barrel Aged Red Ale,BearWaters Brewing Co. .,American Amber / Red Ale,6.70 %,Barley_s Barrel Aged Ulysses Imperial Red Ale,Barley_s Brewing Company,American Strong Ale,8.60 %,21
0,Buffalo Trace Bourbon Barrel Aged Amber Ale,Wolf Hills Brewing Company,American Amber / Red Ale,-,Barrel Trolley Amber Ale,Genesee Brewing Company &#40; North American Breweries &#41;,Amber Ale,-,22
0,Redeemer Imperial Red Ale,Boston Beer Works - Canal Street,American Amber / Red Ale,8.20 %,Laurelwood Organic Deranger Imperial Red Ale,Laurelwood Public House & Brewery,American Strong Ale,8.60 %,24
0,Barrel Aged Imperial Red Ale,Boone Valley Brewing,American Amber / Red Ale,9.99 %,Laurelwood Organic Deranger Imperial Red Ale,Laurelwood Public House & Brewery,American Strong Ale,8.60 %,25
0,Big Axe Red Ale,Big Axe Brewing Company,American Amber / Red Ale,6.80 %,Big Spruce Ready Yer Knot ... Regatta Red Ale,Big Spruce Brewing,Amber Ale,-,26
0,Roundabout Imperial Red Ale,Bonfire Brewing Co. .,American Amber / Red Ale,8.80 %,Anacapa Riptide Imperial Red Ale,Anacapa Brewing Company,American Strong Ale,8 %,27
0,Sledgehammer Imperial Red Ale,Cambridge Brewing Company,American Amber / Red Ale,7.75 %,Anacapa Riptide Imperial Red Ale,Anacapa Brewing Company,American Strong Ale,8 %,28
0,Roundabout Imperial Red Ale,Bonfire Brewing Co. .,American Amber / Red Ale,8.80 %,AleSmith YuleSmith &#40; Winter &#41; Imperial Red Ale,AleSmith Brewing Company,American Strong Ale,8.50 %,29
0,Stupiphany Imperial Red Ale,Rusty Truck Brewing Company / Roadhouse 101,American Amber / Red Ale,8.00 %,AleSmith YuleSmith &#40; Winter &#41; Imperial Red Ale,AleSmith Brewing Company,American Strong Ale,8.50 %,30
0,Roundabout Imperial Red Ale,Bonfire Brewing Co. .,American Amber / Red Ale,8.80 %,Marble Imperial Red Ale,Marble Brewery,American Strong Ale,9 %,31
0,Merry Prankster Imperial Red Ale,Rock Bottom Restaurant & Brewery,American Amber / Red Ale,4.56 %,Marble Imperial Red Ale,Marble Brewery,American Strong Ale,9 %,32
0,Roundabout Imperial Red Ale,Bonfire Brewing Co. .,American Amber / Red Ale,8.80 %,Peter Bs Sum Of Hours Imperial Red Ale,Peter Bs Brewpub,American Strong Ale,9.50 %,33
0,Red-oric - Beer Camp # 65 ( Best Of Beer Camp : Imperial Red Ale ),Sierra Nevada Brewing Co. .,American Amber / Red Ale,8.00 %,Peter Bs Sum Of Hours Imperial Red Ale,Peter Bs Brewpub,American Strong Ale,9.50 %,34
0,Double Mongrel Imperial India Red Ale,Aspetuck Brew Lab,American Amber / Red Ale,9.00 %,Peter Bs Sum Of Hours Imperial Red Ale,Peter Bs Brewpub,American Strong Ale,9.50 %,35
0,Extra Special Red Ale,Alpha Brewing Company,American Amber / Red Ale,5.00 %,Ecliptic Phobos Extra Red Ale,Ecliptic Brewing,Amber Ale,5.20 %,36
0,Aorta Ale ( Double Red Ale ),Short 's Brewing Company,American Amber / Red Ale,8.30 %,Destihl Barrel Aged Deadhead Double Red Ale,Destihl Brewery,American Strong Ale,-,37
0,Double Red Hot Ale,Midnight Sun Brewing Co. .,American Amber / Red Ale,7.57 %,Destihl Barrel Aged Deadhead Double Red Ale,Destihl Brewery,American Strong Ale,-,38
0,Aorta Ale ( Double Red Ale ),Short 's Brewing Company,American Amber / Red Ale,8.30 %,Wildcard Double Down Imperial Red Ale,Wildcard Brewing Company,American Strong Ale,7.50 %,39
0,Dread Double Red Ale,Bullfrog Brewery,American Amber / Red Ale,7.80 %,Wildcard Double Down Imperial Red Ale,Wildcard Brewing Company,American Strong Ale,7.50 %,40
0,Double Dragon Imperial Red Ale,Phillips Brewing Company,American Amber / Red Ale,8.20 %,Wildcard Double Down Imperial Red Ale,Wildcard Brewing Company,American Strong Ale,7.50 %,41
0,Three Sheets Barleywine ( Barrel Aged ),Ballast Point Brewing Company,American Barleywine,9.00 %,&#40; 512 &#41; Cabernet Barrel Aged Three,&#40; 512 &#41; Brewing Company,Abbey Tripel,9.50 %,42
0,Bourbon Barrel Red Oak Ale,Tornado Brewing Company,American Amber / Red Ale,-,Ballast Point Tongue Buckler Imperial Red Ale - Bourbon Barrel Aged,Ballast Point Brewing Company,American Strong Ale,10 %,44
0,Broadhead Bourbon Barrel Aged Red,Bainbridge Island Brewing Company,American Amber / Red Ale,8.50 %,Ballast Point Tongue Buckler Imperial Red Ale - Bourbon Barrel Aged,Ballast Point Brewing Company,American Strong Ale,10 %,45
0,Red Dirt Imperial Red Ale,Wiley Roots Brewing Co,American Amber / Red Ale,8.20 %,Ballast Point Tongue Buckler Imperial Red Ale - Bourbon Barrel Aged,Ballast Point Brewing Company,American Strong Ale,10 %,46
0,Double Dread Imperial Red Ale,Mad River Brewing Company,American Amber / Red Ale,8.60 %,Ballast Point Tongue Buckler Imperial Red Ale - Bourbon Barrel Aged,Ballast Point Brewing Company,American Strong Ale,10 %,47
0,Ro Shampo Imperial Red Ale,Figure 8 Brewing,American Amber / Red Ale,7.50 %,Ballast Point Tongue Buckler Imperial Red Ale - Bourbon Barrel Aged,Ballast Point Brewing Company,American Strong Ale,10 %,48
0,Ulysses Imperial Red Ale,Barley 's Brewing Company,American Amber / Red Ale,-,Ballast Point Tongue Buckler Imperial Red Ale - Bourbon Barrel Aged,Ballast Point Brewing Company,American Strong Ale,10 %,49
0,John Barleycorn - Bourbon Barrel Aged,Mad River Brewing Company,American Barleywine,12.50 %,AleSmith Old Numbskull - Bourbon Barrel Aged,AleSmith Brewing Company,Barley Wine,11 %,50
0,Bourbon Barrel Aged Panama Red Ale,Flossmoor Station Restaurant & Brewery,American Amber / Red Ale,7.00 %,AleSmith Old Numbskull - Bourbon Barrel Aged,AleSmith Brewing Company,Barley Wine,11 %,51
0,Hop Around Imperial Red Ale,Big Bay Brewing Co. .,American Amber / Red Ale,9.00 %,ShuBrew Heart and Sole Imperial Red Ale,ShuBrew,American Strong Ale,6.80 %,54
0,Lavery Imperial Red Ale,Lavery Brewing Company,American Amber / Red Ale,8.20 %,ShuBrew Heart and Sole Imperial Red Ale,ShuBrew,American Strong Ale,6.80 %,55
0,Photobomb Imperial Red Ale,Crooked Ladder Brewing Company,American Amber / Red Ale,8.50 %,ShuBrew Heart and Sole Imperial Red Ale,ShuBrew,American Strong Ale,6.80 %,56
0,Tongue Buckler - Imperial Red Ale,Ballast Point Brewing Company,American Amber / Red Ale,10.00 %,ShuBrew Heart and Sole Imperial Red Ale,ShuBrew,American Strong Ale,6.80 %,57
0,Imperial Red Ale,Epic Brewing Company,American Amber / Red Ale,7.70 %,ShuBrew Heart and Sole Imperial Red Ale,ShuBrew,American Strong Ale,6.80 %,58
0,Hop Around Imperial Red Ale,Big Bay Brewing Co. .,American Amber / Red Ale,9.00 %,Austin Beerworks Battle Axe Imperial Red Ale,Austin Beerworks,American Strong Ale,8 %,59
0,Hop Around Imperial Red Ale,Big Bay Brewing Co. .,American Amber / Red Ale,9.00 %,Speakeasy Wet Hop Prohibition Red Ale,Speakeasy Ales and Lagers,Amber Ale,6.10 %,60
0,Hop Around Imperial Red Ale,Big Bay Brewing Co. .,American Amber / Red Ale,9.00 %,Ale Mania Imperial Red Ale,Ale Mania &#40; Fritz Ale &#41;,American Strong Ale,9.50 %,61
0,Batch 200 _ `` Olympus Mons Imperial Red Ale,Due South Brewing Co. .,American Amber / Red Ale,9.20 %,Ale Mania Imperial Red Ale,Ale Mania &#40; Fritz Ale &#41;,American Strong Ale,9.50 %,62
0,Eruption Imperial Red Ale,Worthy Brewing Co. .,American Amber / Red Ale,8.00 %,Ale Mania Imperial Red Ale,Ale Mania &#40; Fritz Ale &#41;,American Strong Ale,9.50 %,63
0,Deranger Imperial Red Ale,Laurelwood Public House & Brewery,American Amber / Red Ale,8.60 %,Ale Mania Imperial Red Ale,Ale Mania &#40; Fritz Ale &#41;,American Strong Ale,9.50 %,64
0,Hop Around Imperial Red Ale,Big Bay Brewing Co. .,American Amber / Red Ale,9.00 %,Laguna Beach Grateful Red Imperial Red Ale,Laguna Beach Brewing,American Strong Ale,11 %,65
0,Red Dirt Imperial Red Ale,Wiley Roots Brewing Co,American Amber / Red Ale,8.20 %,Laguna Beach Grateful Red Imperial Red Ale,Laguna Beach Brewing,American Strong Ale,11 %,66
0,Hop Around Imperial Red Ale,Big Bay Brewing Co. .,American Amber / Red Ale,9.00 %,Wynwood Fox Imperial Red Ale,Wynwood Brewing Company,American Strong Ale,7.70 %,67
0,Arsenal Imperial Red Ale,Great River Brewery,American Amber / Red Ale,9.00 %,Wynwood Fox Imperial Red Ale,Wynwood Brewing Company,American Strong Ale,7.70 %,68
0,3 Sisters American Red Ale,Wild Ride Brewing Co. .,American Amber / Red Ale,6.00 %,Saimaan Brewer_s Special American Red Ale,Saimaan Juomatehdas,Amber Ale,4.70 %,69
0,All American Red Ale,Centennial Beer Co. .,American Amber / Red Ale,5.00 %,Saimaan Brewer_s Special American Red Ale,Saimaan Juomatehdas,Amber Ale,4.70 %,70
0,3 Sisters American Red Ale,Wild Ride Brewing Co. .,American Amber / Red Ale,6.00 %,Black Shirt American India Red Ale,Black Shirt Brewing Company,American Strong Ale,7.09 %,71
0,3 Sisters American Red Ale,Wild Ride Brewing Co. .,American Amber / Red Ale,6.00 %,Stadin American Red Ale,Stadin Panimo,Amber Ale,4.50 %,72
0,All American Red Ale,Centennial Beer Co. .,American Amber / Red Ale,5.00 %,Stadin American Red Ale,Stadin Panimo,Amber Ale,4.50 %,73
0,3 Sisters American Red Ale,Wild Ride Brewing Co. .,American Amber / Red Ale,6.00 %,Radiant Pig Gangster Duck American Red Ale,Radiant Pig Beer Company,Amber Ale,6.20 %,74
0,Mountain Series : Love Rhino ( Imperial Red Ale ),Breckenridge Brewery,American Amber / Red Ale,8.90 %,Madhouse Venture Series Oak Aged Imperial Red,Madhouse Brewing Company,American Strong Ale,8.50 %,75
0,Mountain Series : Love Rhino ( Imperial Red Ale ),Breckenridge Brewery,American Amber / Red Ale,8.90 %,Two Brothers Revelry Imperial Red Ale,Two Brothers Brewing Company,American Strong Ale,9.50 %,76
0,6th Anniversary Ale ( Dirty Hippie Imperial Red Ale ),Kern River Brewing Company,American Amber / Red Ale,8.00 %,Two Brothers Revelry Imperial Red Ale,Two Brothers Brewing Company,American Strong Ale,9.50 %,77
0,Lavery Imperial Red Ale,Lavery Brewing Company,American Amber / Red Ale,8.20 %,Two Brothers Revelry Imperial Red Ale,Two Brothers Brewing Company,American Strong Ale,9.50 %,78
0,Arthur 's Imperial Red Ale,Otto 's Pub and Brewery,American Amber / Red Ale,6.90 %,Two Brothers Revelry Imperial Red Ale,Two Brothers Brewing Company,American Strong Ale,9.50 %,79
0,Smuttynose Kindest Find Imperial Red Ale,Smuttynose Brewing Company,American Amber / Red Ale,8.50 %,Two Brothers Revelry Imperial Red Ale,Two Brothers Brewing Company,American Strong Ale,9.50 %,80
0,Red-oric - Beer Camp # 65 ( Best Of Beer Camp : Imperial Red Ale ),Sierra Nevada Brewing Co. .,American Amber / Red Ale,8.00 %,Two Brothers Revelry Imperial Red Ale,Two Brothers Brewing Company,American Strong Ale,9.50 %,81
0,Mountain Series : Love Rhino ( Imperial Red Ale ),Breckenridge Brewery,American Amber / Red Ale,8.90 %,Cigar City Cold Brew Series - Red Ale,Cigar City Brewing,Amber Ale,7.20 %,82
0,Texas Red Amber Ale,Big Texan Brewery,American Amber / Red Ale,4.50 %,William Street Red Sky Amber Ale,William Street Beer Co. .,Amber Ale,5 %,84
0,6th Anniversary Ale ( Dirty Hippie Imperial Red Ale ),Kern River Brewing Company,American Amber / Red Ale,8.00 %,Brew Bus Detour Series : Rollin Dirty Red Ale - Wood Aged,Cigar City Brewing,Irish Ale,5 %,85
0,Mermaid 's Red Ale - Bourbon Oak Aged,Coronado Brewing Company,American Amber / Red Ale,-,Brew Bus Detour Series : Rollin Dirty Red Ale - Wood Aged,Cigar City Brewing,Irish Ale,5 %,86
0,Saint Gleason Imperial Red Ale,Abita Brewing Co. .,American Amber / Red Ale,-,Mission Carrack Imperial Red Ale,Mission Brewery,American Strong Ale,10.20 %,87
0,Three Beavers Imperial Red Ale,Howe Sound Inn & Brewing Company,American Amber / Red Ale,7.50 %,Mission Carrack Imperial Red Ale,Mission Brewery,American Strong Ale,10.20 %,88
0,Bourbon Barrel Ro Shampo Imperial Red Ale,Figure 8 Brewing,American Amber / Red Ale,-,Sick N Twisted Naughty Redhead Imperial Red Ale,Sick N Twisted Brewing Company,Amber Ale,8 %,89
0,Lagunitas Imperial Red Ale,Lagunitas Brewing Company,American Amber / Red Ale,7.80 %,Sick N Twisted Naughty Redhead Imperial Red Ale,Sick N Twisted Brewing Company,Amber Ale,8 %,90
0,Stupiphany Imperial Red Ale,Rusty Truck Brewing Company / Roadhouse 101,American Amber / Red Ale,8.00 %,Sick N Twisted Naughty Redhead Imperial Red Ale,Sick N Twisted Brewing Company,Amber Ale,8 %,91
0,Bourbon Barrel Ro Shampo Imperial Red Ale,Figure 8 Brewing,American Amber / Red Ale,-,Spring House Atomic Raygun Imperial Red Ale,Spring House Brewing Company,American Strong Ale,8.30 %,92
0,Deputation Imperial Red Ale,Brannon 's Pub and Brewery,American Amber / Red Ale,8.00 %,Spring House Atomic Raygun Imperial Red Ale,Spring House Brewing Company,American Strong Ale,8.30 %,93
0,Double Mongrel Imperial India Red Ale,Aspetuck Brew Lab,American Amber / Red Ale,9.00 %,Spring House Atomic Raygun Imperial Red Ale,Spring House Brewing Company,American Strong Ale,8.30 %,94
0,Bourbon Barrel Ro Shampo Imperial Red Ale,Figure 8 Brewing,American Amber / Red Ale,-,Cape Cod Bourbon Barrel Red,Cape Cod Beer,Amber Ale,5.50 %,95
0,Bourbon Barrel Ro Shampo Imperial Red Ale,Figure 8 Brewing,American Amber / Red Ale,-,Lavery Imperial Red Ale &#40; IRA &#41;,Lavery Brewing Company,American Strong Ale,8.20 %,96
0,Ruby River Ruby Red Ale,Ruby River Steakhouse & Brewery,American Amber / Red Ale,4.00 %,Pokertree Red Earl Ruby Ale,Pokertree,Amber Ale,5.50 %,97
0,Ruby River Ruby Red Ale,Ruby River Steakhouse & Brewery,American Amber / Red Ale,4.00 %,Pine Creek River Valley Red Ale,Big Rock Brewery,Amber Ale,5 %,98
0,Stone Liberty Station Outbreak Series : Red Ale,Stone Brewing Co. .,American Amber / Red Ale,7.00 %,Liberty High Point Rocket_s Red Ale,Liberty Brewery & Grill - High Point,Irish Ale,-,99
0,Channary Imperial Red Ale,Narrows Brewing Co. .,American Amber / Red Ale,9.40 %,Fulton The Libertine Imperial Red Ale - Heaven Hill Rye Whiskey Barrel Aged,Fulton Beer Company,American Strong Ale,8.50 %,100
0,Climax Noel - Imperial Red Ale,Eel River Brewing Co. .,American Amber / Red Ale,9.20 %,Fulton The Libertine Imperial Red Ale - Heaven Hill Rye Whiskey Barrel Aged,Fulton Beer Company,American Strong Ale,8.50 %,101
0,Barrel Aged Moustache Ride Red,Flat 12 Bierwerks,American Amber / Red Ale,6.10 %,Fulton The Libertine Imperial Red Ale - Heaven Hill Rye Whiskey Barrel Aged,Fulton Beer Company,American Strong Ale,8.50 %,102
0,Photobomb Imperial Red Ale,Crooked Ladder Brewing Company,American Amber / Red Ale,8.50 %,Fulton The Libertine Imperial Red Ale - Heaven Hill Rye Whiskey Barrel Aged,Fulton Beer Company,American Strong Ale,8.50 %,103
0,Buffalo Soul Jah Imperial Red Ale,Three Heads Brewing,American Amber / Red Ale,9.20 %,Fulton The Libertine Imperial Red Ale - Heaven Hill Rye Whiskey Barrel Aged,Fulton Beer Company,American Strong Ale,8.50 %,104
0,Old Guardian Barley Wine Style Ale - Red Wine Barrel Aged,Stone Brewing Co. .,American Barleywine,11.20 %,Fulton The Libertine Imperial Red Ale - Heaven Hill Rye Whiskey Barrel Aged,Fulton Beer Company,American Strong Ale,8.50 %,105
0,BJ 's Imperial Red Ale,BJ 's Restaurant & Brewhouse,American Amber / Red Ale,9.00 %,Fulton The Libertine Imperial Red Ale - Heaven Hill Rye Whiskey Barrel Aged,Fulton Beer Company,American Strong Ale,8.50 %,106
0,Constanza _ ™ s Hoppy Red Ale,Bomber Brewing,American Amber / Red Ale,6.20 %,Spiteful Angry Adam Hoppy Red Ale,Spiteful Brewing,Amber Ale,6 %,107
0,Arsenal Imperial Red Ale,Great River Brewery,American Amber / Red Ale,9.00 %,Kern River Dirty Hippie Imperial Red Ale,Kern River Brewing,American Strong Ale,8 %,108
0,Tst Brw 01 - Imperial Red Ale,Brouwerij De Koninck NV,American Amber / Red Ale,7.80 %,Kern River Dirty Hippie Imperial Red Ale,Kern River Brewing,American Strong Ale,8 %,109
0,Ro Shampo Imperial Red Ale,Figure 8 Brewing,American Amber / Red Ale,7.50 %,Kern River Dirty Hippie Imperial Red Ale,Kern River Brewing,American Strong Ale,8 %,110
0,Double Dragon Imperial Red Ale,Phillips Brewing Company,American Amber / Red Ale,8.20 %,Edge Imperial Red Ale &#40; Spring Seasonal &#41;,Edge Brewing Company,American Strong Ale,8.50 %,111
0,Batch 200 _ `` Olympus Mons Imperial Red Ale,Due South Brewing Co. .,American Amber / Red Ale,9.20 %,Edge Imperial Red Ale &#40; Spring Seasonal &#41;,Edge Brewing Company,American Strong Ale,8.50 %,112
0,Sledgehammer Imperial Red Ale,Cambridge Brewing Company,American Amber / Red Ale,7.75 %,Edge Imperial Red Ale &#40; Spring Seasonal &#41;,Edge Brewing Company,American Strong Ale,8.50 %,113
0,Bourbon Barrel Aged Auld Bitch,Tahoe Mountain Brewing Co. .,American Barleywine,11.00 %,Aspen Bourbon Barrel Aged Conundrum Red Ale,Aspen Brewing Company,Amber Ale,6.50 %,114
0,Bourbon Barrel Aged Redrum,Trinity Brewhouse,American Amber / Red Ale,9.50 %,Aspen Bourbon Barrel Aged Conundrum Red Ale,Aspen Brewing Company,Amber Ale,6.50 %,115
0,Bourbon Barrel Aged Auld Bitch,Tahoe Mountain Brewing Co. .,American Barleywine,11.00 %,Lompoc Bourbon Barrel Aged Proletariat Red Ale,Lompoc Brewing,Amber Ale,6.40 %,116
0,Lavery Imperial Red Ale,Lavery Brewing Company,American Amber / Red Ale,8.20 %,Oak Creek King Crimson Imperial Red Ale,Oak Creek Brewing Co. .,American Strong Ale,9.50 %,118
0,Lavery Imperial Red Ale,Lavery Brewing Company,American Amber / Red Ale,8.20 %,Lagunitas Imperial Red Ale,Lagunitas Brewing Company &#40; Heineken &#41;,American Strong Ale,7.80 %,119
0,Double Dread Imperial Red Ale,Mad River Brewing Company,American Amber / Red Ale,8.60 %,Lagunitas Imperial Red Ale,Lagunitas Brewing Company &#40; Heineken &#41;,American Strong Ale,7.80 %,120
0,Rhino Chaser Imperial Red Ale,Pizza Port Solana Beach,American Amber / Red Ale,9.50 %,Lagunitas Imperial Red Ale,Lagunitas Brewing Company &#40; Heineken &#41;,American Strong Ale,7.80 %,121
0,Broadhead Bourbon Barrel Aged Red,Bainbridge Island Brewing Company,American Amber / Red Ale,8.50 %,Flat 12 Barrel Aged Moustache Ride Red,Flat 12 Bierwerks,Amber Ale,-,122
0,Broadhead Bourbon Barrel Aged Red,Bainbridge Island Brewing Company,American Amber / Red Ale,8.50 %,MadTree Bourbon Barrel Aged Happy Amber,MadTree Brewing Company,Amber Ale,6 %,123
0,Bulleit Bourbon Barrel Aged G'Knight,Oskar Blues Grill & Brew,American Amber / Red Ale,8.70 %,MadTree Bourbon Barrel Aged Happy Amber,MadTree Brewing Company,Amber Ale,6 %,124
0,Frost Quake Bourbon Barrel Aged Barley Wine,Wellington County Brewery,American Barleywine,9.80 %,MadTree Bourbon Barrel Aged Happy Amber,MadTree Brewing Company,Amber Ale,6 %,125
0,Noggin Floggin ( Bourbon Barrel Aged ),Hopworks Urban Brewery,American Barleywine,9.60 %,MadTree Bourbon Barrel Aged Happy Amber,MadTree Brewing Company,Amber Ale,6 %,126
0,Ballistic Brewing Co. - Gorgon Red Ale,Indian Wells Brewing Company,American Amber / Red Ale,5.50 %,Red Horn Coffee House and Brewing Company Red Horn Drink Well Red Ale,Red Horn Coffee House and Brewing Company,Amber Ale,5.50 %,128
0,Deputation Imperial Red Ale,Brannon 's Pub and Brewery,American Amber / Red Ale,8.00 %,Yukon You Only Live Once Imperial Red Ale,Yukon Brewing Company,Amber Ale,7.50 %,131
0,Red 88 Imperial Amber Ale,River City Brewing Co. .,American Amber / Red Ale,8.00 %,Yukon You Only Live Once Imperial Red Ale,Yukon Brewing Company,Amber Ale,7.50 %,132
0,Batch 200 _ `` Olympus Mons Imperial Red Ale,Due South Brewing Co. .,American Amber / Red Ale,9.20 %,Three Heads Buffalo Soul Jah Imperial Red Ale,Custom Brewcrafters,American Strong Ale,9.20 %,133
0,Lagunitas Imperial Red Ale,Lagunitas Brewing Company,American Amber / Red Ale,7.80 %,Three Heads Buffalo Soul Jah Imperial Red Ale,Custom Brewcrafters,American Strong Ale,9.20 %,134
0,Eruption Imperial Red Ale,Worthy Brewing Co. .,American Amber / Red Ale,8.00 %,Three Heads Buffalo Soul Jah Imperial Red Ale,Custom Brewcrafters,American Strong Ale,9.20 %,135
0,Imperial Moustache Red Ale,Salty Nut Brewery,American Amber / Red Ale,6.00 %,Three Heads Buffalo Soul Jah Imperial Red Ale,Custom Brewcrafters,American Strong Ale,9.20 %,136
0,Old Cascade Amber Ale,Roosterfish Brewing Co. .,American Amber / Red Ale,5.50 %,Central Coast Old Mission Amber Ale,Central Coast Brewing,Amber Ale,5.50 %,137
0,Single Hop # 3 Amber Ale W / Citra,Three Palms Brewing Co. .,American Amber / Red Ale,6.80 %,Lancaster Hop Buggy Amber Ale,Lancaster Brewing Co. .,Amber Ale,5.60 %,138
0,Single Hop # 3 Amber Ale W / Citra,Three Palms Brewing Co. .,American Amber / Red Ale,6.80 %,Hill Farmstead Amarillo Single Hop Pale Ale,Hill Farmstead Brewery,American Pale Ale,5.20 %,139
0,Red Dirt Imperial Red Ale,Wiley Roots Brewing Co,American Amber / Red Ale,8.20 %,Rock Bottom Orland Park King of Hearts Imperial Red Ale,Rock Bottom Orland Park,American Strong Ale,7.60 %,140
0,Red-oric - Beer Camp # 65 ( Best Of Beer Camp : Imperial Red Ale ),Sierra Nevada Brewing Co. .,American Amber / Red Ale,8.00 %,Rock Bottom Orland Park King of Hearts Imperial Red Ale,Rock Bottom Orland Park,American Strong Ale,7.60 %,141
0,Brewmaster 's Reserve Imperial Red Ale,BJ 's Chicago Pizza & Brewery Inc. .,American Amber / Red Ale,9.20 %,Rock Bottom Orland Park King of Hearts Imperial Red Ale,Rock Bottom Orland Park,American Strong Ale,7.60 %,142
0,Arthur 's Imperial Red Ale,Otto 's Pub and Brewery,American Amber / Red Ale,6.90 %,Proof Abandoned Planet Imperial Red Ale,Proof Brewing Company,Amber Ale,7.50 %,146
0,Red Hopper ( Imperial Red Ale ),Black Acre Brewing Co. .,American Amber / Red Ale,6.20 %,Proof Abandoned Planet Imperial Red Ale,Proof Brewing Company,Amber Ale,7.50 %,147
0,Ale Mania Imperial Red Ale,Ale-Mania,American Amber / Red Ale,9.50 %,Proof Abandoned Planet Imperial Red Ale,Proof Brewing Company,Amber Ale,7.50 %,148
0,Red Dragon Imperial Red Ale,Dead Frog Brewing,American Amber / Red Ale,8.00 %,Proof Abandoned Planet Imperial Red Ale,Proof Brewing Company,Amber Ale,7.50 %,149
0,Three Beavers Imperial Red Ale,Howe Sound Inn & Brewing Company,American Amber / Red Ale,7.50 %,406 Imperial Red Ale,406 Brewing Company,American Strong Ale,9.20 %,150
0,Double Dread Imperial Red Ale,Mad River Brewing Company,American Amber / Red Ale,8.60 %,406 Imperial Red Ale,406 Brewing Company,American Strong Ale,9.20 %,151
0,Deranger Imperial Red Ale,Laurelwood Public House & Brewery,American Amber / Red Ale,8.60 %,406 Imperial Red Ale,406 Brewing Company,American Strong Ale,9.20 %,152
0,Three Beavers Imperial Red Ale,Howe Sound Inn & Brewing Company,American Amber / Red Ale,7.50 %,Renegade Scarlett Letter Imperial Red Ale,Renegade Brewing Company,American Strong Ale,8.50 %,153
0,Deranger Imperial Red Ale,Laurelwood Public House & Brewery,American Amber / Red Ale,8.60 %,Renegade Scarlett Letter Imperial Red Ale,Renegade Brewing Company,American Strong Ale,8.50 %,154
0,Brewmaster 's Reserve Imperial Red Ale,BJ 's Chicago Pizza & Brewery Inc. .,American Amber / Red Ale,9.20 %,Renegade Scarlett Letter Imperial Red Ale,Renegade Brewing Company,American Strong Ale,8.50 %,155
0,Three Beavers Imperial Red Ale,Howe Sound Inn & Brewing Company,American Amber / Red Ale,7.50 %,Scuttlebutt Mateo Loco Imperial Red Ale,Scuttlebutt Brewing Co. .,American Strong Ale,7.10 %,156
0,Double Dread Imperial Red Ale,Mad River Brewing Company,American Amber / Red Ale,8.60 %,Scuttlebutt Mateo Loco Imperial Red Ale,Scuttlebutt Brewing Co. .,American Strong Ale,7.10 %,157
0,Red Dragon Smoked Amber Ale,Hoppy Brewing Co. .,American Amber / Red Ale,5.50 %,Baird Smoked Amber Ale,Baird Brewing Co. .,Smoked,-,158
0,Red Dragon Smoked Amber Ale,Hoppy Brewing Co. .,American Amber / Red Ale,5.50 %,Kilted Dragon Bonnie Heather Amber Ale,Kilted Dragon Brewing Company,Amber Ale,5 %,159
0,Mr. Grain Jeans Organic Amber Ale,Outpost Natural Foods,American Amber / Red Ale,5.50 %,Squatters Respect Your Mother Organic Amber Ale,Squatters Craft Beers,Amber Ale,4 %,160
0,Smuttynose Kindest Find Imperial Red Ale,Smuttynose Brewing Company,American Amber / Red Ale,8.50 %,Kettle House Bourbon Barrel Road Rash Imperial Red Ale,Kettle House Brewing Company,American Strong Ale,13 %,161
0,Road Rash Red,Tandem Brewing Company,American Amber / Red Ale,6.00 %,Kettle House Bourbon Barrel Road Rash Imperial Red Ale,Kettle House Brewing Company,American Strong Ale,13 %,162
0,Pizza Orgasmica Amber Ale,Devil 's Canyon Brewing Company,American Amber / Red Ale,6.50 %,Pizza Port Acacia Amber Ale,Pizza Port &#40; Solana Beach &#41;,Belgian Ale,-,163
0,Iron Mike 's Amber Ale,Jacob Leinenkugel Brewing Company,American Amber / Red Ale,-,Railway City Iron Spike Amber Ale,Railway City Brewing Company,Amber Ale,4.60 %,164
0,Lagunitas Imperial Red Ale,Lagunitas Brewing Company,American Amber / Red Ale,7.80 %,Pizza Port Rhino Chaser Imperial Red Ale,Pizza Port &#40; Ocean Beach &#41;,American Strong Ale,9.50 %,165
0,Port Chester Red Ale,Greenpoint Beerworks / Kelso of Brooklyn,American Amber / Red Ale,5.50 %,Pizza Port Rhino Chaser Imperial Red Ale,Pizza Port &#40; Ocean Beach &#41;,American Strong Ale,9.50 %,166
0,Starlord 's Mixtape / Groot Drank Imperial Red Ale,Charging Hippo Brewing Co. .,American Amber / Red Ale,8.20 %,Pizza Port Rhino Chaser Imperial Red Ale,Pizza Port &#40; Ocean Beach &#41;,American Strong Ale,9.50 %,167
0,Photobomb Imperial Red Ale,Crooked Ladder Brewing Company,American Amber / Red Ale,8.50 %,Howe Sound Three Beavers Imperial Red Ale,Howe Sound Brewing,American Strong Ale,7.50 %,168
0,Red Rocket Amber Ale,Third Base Sports Bar & Brewery,American Amber / Red Ale,6.40 %,Blue Cat Red Toad Amber Ale,Blue Cat Brew Pub,Premium Bitter/ESB,5.70 %,169
0,Red Rocket Amber Ale,Third Base Sports Bar & Brewery,American Amber / Red Ale,6.40 %,Red Duck Amber Ale,Purrumbete Brewing,Amber Ale,4.80 %,170
0,Eruption Imperial Red Ale,Worthy Brewing Co. .,American Amber / Red Ale,8.00 %,De Koninck TSTBRW 01 Imperial Red Ale,Brouwerij De Koninck &#40; Duvel-Moortgat &#41;,American Strong Ale,7.80 %,171
0,The `` Ginger '' A Red Ale,Elk Street Brewery & Tap Room,American Amber / Red Ale,6.80 %,The Beer Company Wyatt Earp Red Ale,The Beer Company,Irish Ale,7 %,172
0,North 45 Amber Ale,Petoskey Brewing Company,American Amber / Red Ale,5.80 %,Thirsty Pagan North Coast Amber Ale,Thirsty Pagan Brewing,Amber Ale,-,173
0,Red Hopper ( Imperial Red Ale ),Black Acre Brewing Co. .,American Amber / Red Ale,6.20 %,Worthy Eruption Imperial Red Ale,Worthy Brewing Company,American Strong Ale,8 %,176
0,Starfish Imperial Red Ale,Fish Brewing Company / Fishbowl Brewpub,American Amber / Red Ale,7.50 %,Worthy Eruption Imperial Red Ale,Worthy Brewing Company,American Strong Ale,8 %,177
0,Blood On The Blade Red IPA,Backpocket Brewing,American Amber / Red Ale,7.00 %,Bacchus / Burrow Bloodhound Blood Red IPA,Bacchus Brewing Company &#40; Australia &#41;,India Pale Ale &#40; IPA &#41;,6 %,180
0,Deranger Imperial Red Ale,Laurelwood Public House & Brewery,American Amber / Red Ale,8.60 %,Brannon_s Deputation Imperial Red Ale,Brannon_s Pub and Brewery,American Strong Ale,8.79 %,182
0,Bulleit Bourbon Barrel Aged G'Knight,Oskar Blues Grill & Brew,American Amber / Red Ale,8.70 %,Lompoc Bourbon Barrel Aged Old Tavern Rat,Lompoc Brewing,Barley Wine,9.70 %,183
0,Big V Amber Ale,FreeWheel Brewing Company,American Amber / Red Ale,4.00 %,Big Texan Texas Red Amber Ale,Big Texan Brewery,Amber Ale,4.50 %,184
0,Big Horn Buttface Amber Ale,C.B. & Potts,American Amber / Red Ale,-,Big Texan Texas Red Amber Ale,Big Texan Brewery,Amber Ale,4.50 %,185
0,Big V Amber Ale,FreeWheel Brewing Company,American Amber / Red Ale,4.00 %,Heinzelmannchen Big Amber Gnome Ale,Heinzelmannchen Brewery,Amber Ale,8 %,186
0,Big V Amber Ale,FreeWheel Brewing Company,American Amber / Red Ale,4.00 %,Big Axe Maple Wheat Amber Ale,Big Axe Brewery and B & B,Amber Ale,5 %,187
0,5 Star Amber Ale,The Civil Life Brewing Company,American Amber / Red Ale,5.00 %,Blue Star Apache Amber Ale,Blue Star Brewing Co. .,Amber Ale,-,188
0,Barrel Aged Imperial Red,Hale 's Ales Brewery & Pub,American Amber / Red Ale,9.00 %,Imperial Oak Barrel Aged Odin_s Beard,Imperial Oak Brewing,American Strong Ale,9 %,189
0,Mountian Goat Rare Breed India Red Ale,Mountain Goat Beer Pty Ltd,American Amber / Red Ale,6.60 %,Hammond River Red Coat India Red Ale,Hammond River Brewing,Amber Ale,6.50 %,190
0,Red Rock Amber Ale,OPA-OPA Steakhouse & Brewery,American Amber / Red Ale,6.00 %,Slanted Rock Iron Butt Red Ale,Slanted Rock Brewing Company,Amber Ale,5.80 %,192
0,Molly American Red Ale,New Helvetia Brewing Company,American Amber / Red Ale,5.00 %,Big Time Lift Ticket American Red Ale,Big Time Brewery,India Pale Ale &#40; IPA &#41;,7 %,194
0,Molly American Red Ale,New Helvetia Brewing Company,American Amber / Red Ale,5.00 %,Genesee Brew House American Red Ale,Genesee Brewing Company &#40; North American Breweries &#41;,Amber Ale,5 %,195
0,Barrel Aged Series : Barley Wine,Parallel 49 Brewing Company,American Barleywine,11.80 %,Elevator Barrel Aged Barley Wine,Elevator Brewing Company,Barley Wine,-,197
0,Barrel Aged Series : Barley Wine,Parallel 49 Brewing Company,American Barleywine,11.80 %,Hangar 24 Barrel Roll No. 04 : Hammerhead - Barrel Aged Barley Wine,Hangar 24 Craft Brewery,Barley Wine,11.20 %,198
0,West Sixth / Country Boy Country Western ( Volume 3 Imperial Red Ale ),West Sixth Brewing Company,American Amber / Red Ale,13.00 %,Figueroa Mountain / Pizza Port Shark Lips Imperial Red Ale,Figueroa Mountain Brewing,American Strong Ale,8 %,199
0,Shark Attack Double Red Ale,Port Brewing,American Amber / Red Ale,9.00 %,Midnight Sun Unite Double Red Hot Ale &#40; 2015 &#41;,Midnight Sun Brewing Company,Amber Ale,7.50 %,200
0,Double Red Ale,The Seven Barrel Brewery,American Amber / Red Ale,8.20 %,Midnight Sun Unite Double Red Hot Ale &#40; 2015 &#41;,Midnight Sun Brewing Company,Amber Ale,7.50 %,201
0,Barrel Aged Riverside Red,Intuition Ale Works,American Amber / Red Ale,7.80 %,Blue Pants Big & Tall # 2 : Barrel Aged Belgian Red,Blue Pants Brewery,Amber Ale,9 %,202
0,Panama Limited Red Ale,Flossmoor Station Restaurant & Brewery,American Amber / Red Ale,-,Flossmoor Station Barrel Aged Panama Limited Red Ale,Flossmoor Station Restaurant & Brewery,Amber Ale,6.50 %,206
0,Buffalo Soul Jah Imperial Red Ale,Three Heads Brewing,American Amber / Red Ale,9.20 %,Iron Horse Fresh Hop Imperial Red Ale,Iron Horse Brewery,American Strong Ale,-,207
0,Starlord 's Mixtape / Groot Drank Imperial Red Ale,Charging Hippo Brewing Co. .,American Amber / Red Ale,8.20 %,Iron Horse Fresh Hop Imperial Red Ale,Iron Horse Brewery,American Strong Ale,-,208
0,Phobos Single Hop Red Ale,Ecliptic Brewing,American Amber / Red Ale,7.40 %,Iron Horse Fresh Hop Imperial Red Ale,Iron Horse Brewery,American Strong Ale,-,209
0,Morrisons American Red Ale,Titanic Brewery,American Amber / Red Ale,4.50 %,Americas American Red Ale,Americas Brewpub,Amber Ale,-,211
0,Big Bully Amber Ale,Edge Brewing,American Amber / Red Ale,5.00 %,Big Time Atlas Amber Ale,Big Time Brewery,Amber Ale,5.40 %,212
0,Sequoia American Amber Ale,Wig And Pen,American Amber / Red Ale,5.90 %,Aarhus Cains Triple A American Amber Ale,Aarhus Bryghus,Amber Ale,5.50 %,213
0,Sequoia American Amber Ale,Wig And Pen,American Amber / Red Ale,5.90 %,Canal Park General Sterling Price American Amber Ale - Centennial,Canal Park Brewing Company,Amber Ale,4.80 %,214
0,Weekender American Amber Ale,Stilt House Brewery,American Amber / Red Ale,5.20 %,Canal Park General Sterling Price American Amber Ale - Centennial,Canal Park Brewing Company,Amber Ale,4.80 %,215
0,Mad Anthony Muddy River Amber Ale,Mad Anthony Brewing Company,American Amber / Red Ale,-,Mad River Jamaica Red Ale,Mad River Brewery,Amber Ale,6.50 %,216
0,Simeon Jones River Valley Amber Ale,Picaroons Brewing Co. .,American Amber / Red Ale,4.50 %,Piney River McKinney Eddy Amber Ale,Piney River Brewing Company,Amber Ale,-,217
0,Wasatch 50th Park City Golden Anniversary Ale,Utah Brewers Cooperative,American Amber / Red Ale,4.00 %,Golden City Centurion Barleywine Ale,Golden City Brewery,Barley Wine,11.20 %,218
0,Aiken American Red Pale Ale,Aiken Brewing Company,American Amber / Red Ale,-,Blue Heron Corey_s American Pale Ale &#40; C.A.P.A. &#41;,Blue Heron Brewpub,American Pale Ale,6.20 %,223
0,Aiken American Red Pale Ale,Aiken Brewing Company,American Amber / Red Ale,-,Wild Ride 3 Sisters American Red Ale,Wild Ride Brewing,Amber Ale,6 %,224
0,Big Bear Amber Ale,Stewart 's Brewing Co. .,American Amber / Red Ale,5.60 %,Big Horn Buttface Amber Ale,Big Horn Brewing Company &#40; Ram International &#41;,Amber Ale,5.80 %,225
0,Great Lakes Independence Ale,Great Lakes Brewing Co. .,American Amber / Red Ale,6.00 %,Amsterdam X Sawdust City X Great Lakes X Indie Ale Barley Wine &#40; Oak &#41;,Amsterdam Brewing Company,Barley Wine,10 %,226
0,Desert Island Series : American Honey Amber Ale,Heavy Seas Beer,American Amber / Red Ale,4.90 %,Granville Island Gastown Amber Ale,Granville Island &#40; Brewery - MolsonCoors &#41;,Amber Ale,5.50 %,228
0,Hurricane Alley Amber Ale,Florida Beer Company,American Amber / Red Ale,-,Charleville Tornado Alley Amber Ale,Charleville Vineyard & Microbrewery,Amber Ale,-,229
0,Brewmaster 's Reserve Imperial Red Ale,BJ 's Chicago Pizza & Brewery Inc. .,American Amber / Red Ale,9.20 %,Rusty Truck Stupiphany Imperial Red Ale,Rusty Truck Brewing / Roadhouse 101,American Strong Ale,8 %,230
0,Red Headed Slut Amber Ale,Twisted K-8 Brewing Company,American Amber / Red Ale,6.50 %,Baird Red Rose Amber Ale,Baird Brewing Co. .,California Common,5.40 %,231
0,Red Headed Slut Amber Ale,Twisted K-8 Brewing Company,American Amber / Red Ale,6.50 %,Trailhead Red Amber Ale,Trailhead Brewing Co. .,Amber Ale,-,232
0,Frost Quake Bourbon Barrel Aged Barley Wine,Wellington County Brewery,American Barleywine,9.80 %,Hangar 24 Barrel Roll No. 04 : Hammerhead - Bourbon Barrel Aged with Chai Tea,Hangar 24 Craft Brewery,Barley Wine,13.90 %,233
0,Bourbon Barrel Aged Horus Imperial Red,Elevator Brewery & Draught Haus,American Amber / Red Ale,12.00 %,Legacy Bourbon Barrel Hedonism Red,Legacy Brewing,American Strong Ale,7.10 %,234
0,Rocky Mountain Red Ale,Grand Lake Brewing Company,American Amber / Red Ale,-,Crazy Mountain Boohai Red Ale &#40; Kura Koa &#41;,Crazy Mountain Brewing Company,Amber Ale,6 %,235
0,Alaskan Barley Wine ( Pilot Series ),Alaskan Brewing Co. .,American Barleywine,10.70 %,Hermit Thrush Abbey Series # 1 - Jolly Abbot Barley Wine,Hermit Thrush Brewery,Barley Wine,13 %,237
0,Double Mongrel Imperial India Red Ale,Aspetuck Brew Lab,American Amber / Red Ale,9.00 %,Boxing Cat Firecracker Imperial Red Ale,Boxing Cat Brewery,Amber Ale,6.60 %,238
0,Kingpin Double Red Ale,BridgePort Brewing Co. / Brewpub,American Amber / Red Ale,7.50 %,Out of Bounds Relentless Double Red Ale,Out of Bounds Brewing Company,American Strong Ale,8.20 %,240
0,Harold The Red Ale,Black Husky Brewing,American Amber / Red Ale,-,Off the Rail Raybuck Red Ale,Off the Rail Brewing,Amber Ale,6.40 %,241
0,Willoughby American Amber Ale,Willoughby Brewing,American Amber / Red Ale,4.90 %,Maldita Old Continent American Amber Ale,Faustino Microcervejeira,Amber Ale,6 %,243
0,Old Guardian Barley Wine Style Ale - Bourbon Barrel Aged,Stone Brewing Co. .,American Barleywine,11.20 %,Revolution Barrel Aged Institutionalized Barley Wine,Revolution Brewing Company,Barley Wine,13 %,244
0,Pioneer American Red Ale,Pioneer Beer Company,American Amber / Red Ale,5.70 %,Fat Bottom Ruby Red American Ale,Fat Bottom Brewery,Amber Ale,4.60 %,245
0,Clifford The Big Red Ale,Books & Brews,American Amber / Red Ale,6.80 %,Big Choice Disconnected Red Ale,Big Choice Brewing,Amber Ale,6.70 %,246
0,Alaskan Imperial Red Ale ( Pilot Series ),Alaskan Brewing Co. .,American Amber / Red Ale,8.50 %,Swamp Head Sciaenhops Imperial Red Ale,Swamp Head Brewery,American Strong Ale,8.30 %,249
0,Alaskan Imperial Red Ale ( Pilot Series ),Alaskan Brewing Co. .,American Amber / Red Ale,8.50 %,BottleTree Imperial Red Ale,Thomas Creek Brewery,American Strong Ale,7.50 %,250
0,Jurassic Duck Amber Ale ( dry Hopped With Mosaic ),The Dodging Duck Brewhaus,American Amber / Red Ale,-,Nighthawk 16-Hour Dry Hopped Amber,Nighthawk Brewery,Amber Ale,6.70 %,252
0,O'Connor 's Irish Red Ale,Wormtown Brewery,American Amber / Red Ale,5.00 %,Loose Shoe SlÃ ¡ inte Irish Red Ale,Loose Shoe Brewing Company,Irish Ale,5.50 %,253
0,Winter Seasonal Amber Ale,Dead Frog Brewing,American Amber / Red Ale,5.00 %,Brewsters Winter WARMer Amber Ale,Brewsters Brewing Co. - Alberta,Amber Ale,6 %,254
0,Hawai'i Nui Sunset Amber Ale,Hawai'i Nui Brewing / Mehana Brewing Company,American Amber / Red Ale,5.45 %,Grand Canyon Sunset Amber Ale,Grand Canyon Brewing Company,Amber Ale,5 %,255
0,Red Emperor Amber Ale,Fish Rock Brewery,American Amber / Red Ale,4.50 %,Fox and Hound Red Fox Amber Ale,Anheuser-Busch InBev,Amber Ale,5.10 %,258
0,Sea Spray Amber Ale,Bowen Island Brewing Co. Ltd. .,American Amber / Red Ale,5.00 %,Swashbuckler Red Sea Amber Ale,Swashbuckler Brewing Company,Amber Ale,-,260
0,Red Rose Amber Ale,Baird Brewing Company / Fishmarket Taproom,American Amber / Red Ale,5.40 %,Swashbuckler Red Sea Amber Ale,Swashbuckler Brewing Company,Amber Ale,-,261
0,Beer Of The Dragon,Beachwood BBQ & Brewing,American Amber / Red Ale,9.10 %,Anderson Valley Barrel Aged Horn of the Beer Barley Wine,Anderson Valley Brewing Company,Barley Wine,8.60 %,262
0,Isle Of Pines Barley Wine,Flying Goose Brew Pub & Grille,American Barleywine,11.00 %,Anderson Valley Barrel Aged Horn of the Beer Barley Wine,Anderson Valley Brewing Company,Barley Wine,8.60 %,263
0,Frog Island Amber Ale,Frog Island Brewing Company,American Amber / Red Ale,6.00 %,Heavy Seas Desert Island Series American Honey Amber Ale,Heavy Seas Brewing Company,Amber Ale,4.90 %,264
0,Olde Richmond Batch No. 9 Red Ale,Olde Richmond Beer Company,American Amber / Red Ale,-,Engine House No. 9 Rowdy Dick Amber Ale,Engine House No. 9 Restaurant and Brewery,Amber Ale,5.30 %,265
0,Fresh Hop Red,Liquid Mechanics Brewing Co. .,American Amber / Red Ale,7.40 %,Ice Harbor Double Red Ale - Fresh Hop,Ice Harbor Brewing Company,Amber Ale,7 %,267
0,Mountain Goat Fancy Pants Amber Ale,Mountain Goat Beer Pty Ltd,American Amber / Red Ale,5.40 %,Breckenridge Mountain Series : Hoppy Amber Ale,Breckenridge Brewery,Amber Ale,6.10 %,268
0,Alpine Mountain Amber Ale,Beer By Design,American Amber / Red Ale,5.90 %,Breckenridge Mountain Series : Hoppy Amber Ale,Breckenridge Brewery,Amber Ale,6.10 %,269
0,Hoppy Amber Ale ( Mountain Series ),Breckenridge Brewery,American Amber / Red Ale,6.10 %,Colorado Mountain Ole 59er Amber Ale,Colorado Mountain Brewery,Amber Ale,5.20 %,270
0,Hoppy Face Amber Ale,Hoppy Brewing Co. .,American Amber / Red Ale,6.10 %,2nd Story Hoppy New Year Amber Ale,2nd Story Brewing Company,Amber Ale,5.70 %,271
0,Bonehead Red Bourbon Barrel Aged Imperial Red,Four Peaks Brewing Company - 8th Street Brewery,American Amber / Red Ale,8.00 %,Andersonville Bourbon Barrel Aged Sour Gangster,Andersonville Brewing Company,Sour Red/Brown,5.50 %,272
0,Red Rose Amber Ale,Baird Brewing Company / Fishmarket Taproom,American Amber / Red Ale,5.40 %,Upland Rad Red Amber Ale,Upland Brewing Company,Amber Ale,5.60 %,273
0,Freedom Bridge Amber Ale,Barley Brothers Brewery & Grill,American Amber / Red Ale,-,Bridge Ambleside Amber Ale - Pomegranate & Galena Hops,Bridge Brewing Company,Amber Ale,5.30 %,274
0,Barrel Aged Red Ale,BearWaters Brewing Co. .,American Amber / Red Ale,6.70 %,Riverbend Barrel Aged Right Said Red,Riverbend Brewing & Sports Pub,American Strong Ale,9.20 %,276
0,Double Dread Imperial Red Ale,Mad River Brewing Company,American Amber / Red Ale,8.60 %,Kinetic Infrared Imperial Red Ale,Kinetic Brewing Company,American Strong Ale,9.30 %,277
0,Double Dragon Imperial Red Ale,Phillips Brewing Company,American Amber / Red Ale,8.20 %,Yukon You Only Live Once Imperial Red Ale,Yukon Brewing Company,Amber Ale,7.50 %,278
0,Saint Gleason Imperial Red Ale,Abita Brewing Co. .,American Amber / Red Ale,-,Yukon You Only Live Once Imperial Red Ale,Yukon Brewing Company,Amber Ale,7.50 %,279
0,Saint Gleason Imperial Red Ale,Abita Brewing Co. .,American Amber / Red Ale,-,Renegade Scarlett Letter Imperial Red Ale,Renegade Brewing Company,American Strong Ale,8.50 %,280
0,Bourbon Barrel Ro Shampo Imperial Red Ale,Figure 8 Brewing,American Amber / Red Ale,-,Renegade Scarlett Letter Imperial Red Ale,Renegade Brewing Company,American Strong Ale,8.50 %,281
0,Bourbon Barrel Ro Shampo Imperial Red Ale,Figure 8 Brewing,American Amber / Red Ale,-,Fulton The Libertine Imperial Red Ale - Heaven Hill Rye Whiskey Barrel Aged,Fulton Beer Company,American Strong Ale,8.50 %,283
0,Bourbon Barrel Ro Shampo Imperial Red Ale,Figure 8 Brewing,American Amber / Red Ale,-,Legacy Bourbon Barrel Hedonism Red,Legacy Brewing,American Strong Ale,7.10 %,284
0,Old Detroit Amber Ale,Frankenmuth Brewery,American Amber / Red Ale,5.60 %,Maldita Old Continent American Amber Ale,Faustino Microcervejeira,Amber Ale,6 %,285
0,Ale Mania Imperial Red Ale,Ale-Mania,American Amber / Red Ale,9.50 %,Kern River Dirty Hippie Imperial Red Ale,Kern River Brewing,American Strong Ale,8 %,286
0,Ale Mania Imperial Red Ale,Ale-Mania,American Amber / Red Ale,9.50 %,Worthy Eruption Imperial Red Ale,Worthy Brewing Company,American Strong Ale,8 %,287
0,Three Beavers Imperial Red Ale,Howe Sound Inn & Brewing Company,American Amber / Red Ale,7.50 %,Worthy Eruption Imperial Red Ale,Worthy Brewing Company,American Strong Ale,8 %,288
0,Monkey King Amber Ale,Moonzen Brewery,American Amber / Red Ale,5.00 %,RJ King Wingwalker Amber Ale,Genesee Brewing Company &#40; North American Breweries &#41;,Oktoberfest/M Ã $ rzen,4.50 %,290
0,Big Red Hoppy Barn,Westfield River Brewing Company,American Amber / Red Ale,9.50 %,21st Amendment Big Hoppy Red Bird,21st Amendment Brewery,Amber Ale,7.10 %,291
0,Big V Amber Ale,FreeWheel Brewing Company,American Amber / Red Ale,4.00 %,Big Bear Mountain Orange Blossom Amber Ale,Big Bear Mountain Brewery,Fruit Beer,4.50 %,292
0,Hop Around Imperial Red Ale,Big Bay Brewing Co. .,American Amber / Red Ale,9.00 %,Oak Creek King Crimson Imperial Red Ale,Oak Creek Brewing Co. .,American Strong Ale,9.50 %,293
0,Hop Around Imperial Red Ale,Big Bay Brewing Co. .,American Amber / Red Ale,9.00 %,Figueroa Mountain / Pizza Port Shark Lips Imperial Red Ale,Figueroa Mountain Brewing,American Strong Ale,8 %,294
0,Channary Imperial Red Ale,Narrows Brewing Co. .,American Amber / Red Ale,9.40 %,Two Brothers Revelry Imperial Red Ale,Two Brothers Brewing Company,American Strong Ale,9.50 %,295
0,Double Red Hot Ale,Midnight Sun Brewing Co. .,American Amber / Red Ale,7.57 %,Below Grade Super Duty Double Red Ale,Below Grade Brewing LLC,American Strong Ale,7.70 %,296
0,Crater Lake Amber Ale,Klamath Basin Brewing Co. - The Creamery Brew Pub And Grill,American Amber / Red Ale,6.00 %,Flathead Lake Dock Start Amber Ale,Flathead Lake Brewing Company,Amber Ale,5.60 %,297
0,American India Red Ale,Black Shirt Brewing Co. .,American Amber / Red Ale,7.18 %,Lofty Zeb_s American Red Ale,Lofty Brewing Company,Amber Ale,5.40 %,298
0,Fresh Hop Red,Liquid Mechanics Brewing Co. .,American Amber / Red Ale,7.40 %,Laurelwood Fresh Hop Free Range Red &#40; Amarillo &#41;,Laurelwood Public House & Brewery,Amber Ale,6.10 %,299
0,Escanaba River Amber Ale,Dead Bear Brewing Co. .,American Amber / Red Ale,5.76 %,Piney River McKinney Eddy Amber Ale,Piney River Brewing Company,Amber Ale,-,300
0,46 Star Oklahoma Amber Ale,Bricktown Brewery,American Amber / Red Ale,-,The Civil Life Stevie_s 5 Star Amber Ale,The Civil Life Brewing Company,Amber Ale,5 %,302
0,The Unforgiven Amber Ale,Rush River Brewing Company,American Amber / Red Ale,5.80 %,The Civil Life Stevie_s 5 Star Amber Ale,The Civil Life Brewing Company,Amber Ale,5 %,303
0,Boundary Bay Amber Ale,Boundary Bay Brewery & Bistro,American Amber / Red Ale,-,Half Moon Bay Mavericks Amber Ale,Half Moon Bay Brewing Company,Amber Ale,4.80 %,304
0,Killer Red Fresh Hop India Red Ale,Double Mountain Brewery & Taproom,American Amber / Red Ale,7.20 %,Central City Red Racer India Style Red Ale,Central City Brewers + Distillers,Irish Ale,5.50 %,305
0,Killer Red Fresh Hop India Red Ale,Double Mountain Brewery & Taproom,American Amber / Red Ale,7.20 %,8 Wired Tall Poppy India Red Ale,Renaissance Brewing,Amber Ale,7 %,306
0,Buffalo Soul Jah Imperial Red Ale,Three Heads Brewing,American Amber / Red Ale,9.20 %,Lagunitas Imperial Red Ale,Lagunitas Brewing Company &#40; Heineken &#41;,American Strong Ale,7.80 %,307
0,Alaskan Imperial Red Ale ( Pilot Series ),Alaskan Brewing Co. .,American Amber / Red Ale,8.50 %,Lagunitas Imperial Red Ale,Lagunitas Brewing Company &#40; Heineken &#41;,American Strong Ale,7.80 %,308
0,Big Axe Red Ale,Big Axe Brewing Company,American Amber / Red Ale,6.80 %,Big Island Red Giant Ale,Big Island Brewhaus,American Strong Ale,6.50 %,309
0,The Live Bait Amber Ale,Mudhook Brewing Company,American Amber / Red Ale,6.00 %,BNS The Hills Have Eyes Amber Ale,BNS Brewing & Distilling,Amber Ale,5.20 %,310
0,Red 's Heaven 15th Anniversary Imperial Red Ale,Flying Bison Brewing Company,American Amber / Red Ale,8.30 %,Austin Beerworks Battle Axe Imperial Red Ale,Austin Beerworks,American Strong Ale,8 %,312
0,Red 's Heaven 15th Anniversary Imperial Red Ale,Flying Bison Brewing Company,American Amber / Red Ale,8.30 %,Knee Deep McCarthy_s Bane Imperial Red Ale,Knee Deep Brewing Company,American Strong Ale,8 %,313
0,Simeon Jones River Valley Amber Ale,Picaroons Brewing Co. .,American Amber / Red Ale,4.50 %,Metolius River Ales Rusty Spinner Amber Ale,Genesee Brewing Company &#40; North American Breweries &#41;,Amber Ale,5.10 %,314
0,Red Shedman 's Imperial Amber Ale,57 Brew Pub & Bistro,American Amber / Red Ale,7.60 %,Boxing Cat Firecracker Imperial Red Ale,Boxing Cat Brewery,Amber Ale,6.60 %,315
0,Spencer Creek Amber Ale,Mia & Pia 's Pizzeria And Brewhouse,American Amber / Red Ale,5.50 %,Ruby Mountain Angel Creek Amber Ale,Ruby Mountain Brewing Company,Amber Ale,-,316
0,Rock River Red Ale,Berghoff Brewery,American Amber / Red Ale,-,Boxing Rock Temptation Red Ale,Boxing Rock Brewing Company,Amber Ale,6 %,317
0,AmEn ! Barleywine - Barrel Aged,Cahoots Brewing,American Barleywine,11.10 %,Tighthead Barrel Aged Old Kaya Dog Barleywine,Tighthead Brewing Company,Barley Wine,10.30 %,318
0,Climax Noel - Imperial Red Ale,Eel River Brewing Co. .,American Amber / Red Ale,9.20 %,Edge Imperial Red Ale &#40; Spring Seasonal &#41;,Edge Brewing Company,American Strong Ale,8.50 %,320
0,Rhino Chaser Imperial Red Ale,Pizza Port Solana Beach,American Amber / Red Ale,9.50 %,Edge Imperial Red Ale &#40; Spring Seasonal &#41;,Edge Brewing Company,American Strong Ale,8.50 %,321
0,Climax Noel - Imperial Red Ale,Eel River Brewing Co. .,American Amber / Red Ale,9.20 %,Rusty Truck Stupiphany Imperial Red Ale,Rusty Truck Brewing / Roadhouse 101,American Strong Ale,8 %,322
0,Deputation Imperial Red Ale,Brannon 's Pub and Brewery,American Amber / Red Ale,8.00 %,Rock Bottom Orland Park King of Hearts Imperial Red Ale,Rock Bottom Orland Park,American Strong Ale,7.60 %,323
0,Stone Liberty Station Outbreak Series : Red Ale,Stone Brewing Co. .,American Amber / Red Ale,7.00 %,Brew Bus Detour Series : Rollin Dirty Red Ale - Wood Aged,Cigar City Brewing,Irish Ale,5 %,325
0,San Marcos Red Amber Ale,San Marcos Brewery & Grill,American Amber / Red Ale,5.90 %,Fish Rock Red Emperor Amber Ale,Australian Independent Brewers,Amber Ale,4.50 %,326
0,Flying Monkey Amber Ale,Flying Monkey Brewing Company,American Amber / Red Ale,4.60 %,Flying Monkeys Amber Ale,Flying Monkeys Craft Brewery,Amber Ale,5 %,327
0,Oak-Aged Backburner ( Imperial Barley Wine Style Ale ),Southern Tier Brewing Company,American Barleywine,9.60 %,Amsterdam X Sawdust City X Great Lakes X Indie Ale Barley Wine &#40; Oak &#41;,Amsterdam Brewing Company,Barley Wine,10 %,328
0,Kickin ' Chicken Bourbon Barrel Barley Wine,Santa Fe Brewing Company,American Barleywine,12.00 %,Elevator Barrel Aged Barley Wine,Elevator Brewing Company,Barley Wine,-,329
0,JT Schmid 's Emil 's Amber Ale,JT Schmid 's Restaurant & Brewery,American Amber / Red Ale,5.20 %,JT Schmids Emils Amber Ale,JT Schmids Brewhouse & Eatery,Amber Ale,5.20 %,330
0,Ole ' Redbeard Barleywine ( Bourbon Barrel Aged ),Fitger 's Brewhouse,American Barleywine,-,Columbus Bourbon Barrel Aged Uncle Rusty,Columbus Brewing Company,American Strong Ale,-,331
0,Old Guardian Barley Wine Style Ale - Bourbon Barrel Aged,Stone Brewing Co. .,American Barleywine,11.20 %,Columbus Bourbon Barrel Aged Uncle Rusty,Columbus Brewing Company,American Strong Ale,-,332
0,Wobbly Red Ale,Dirty Hands Brewing Company,American Amber / Red Ale,5.90 %,Crannog Wobbly Toddler Red Milk Ale,Crannog Ales,English Strong Ale,7.50 %,333
0,Redeemer Imperial Red Ale,Boston Beer Works - Canal Street,American Amber / Red Ale,8.20 %,Laguna Beach Grateful Red Imperial Red Ale,Laguna Beach Brewing,American Strong Ale,11 %,336
0,Red Toad Amber Ale,Blue Cat Brew Pub,American Amber / Red Ale,5.70 %,Trailhead Red Amber Ale,Trailhead Brewing Co. .,Amber Ale,-,337
0,S : t Eriks Unite Red Ale,S : t Eriks Bryggeri,American Amber / Red Ale,4.60 %,Daytona Beach FL Wildflower Unite Red Ale,Daytona Beach Brewing Company,Amber Ale,5.90 %,338
0,Creeper Trail Amber Ale,Wolf Hills Brewing Company,American Amber / Red Ale,4.80 %,Black Diamond Steep Trail Amber Ale,Black Diamond Brewing Company,Amber Ale,5.70 %,339
0,Alexander Keith 's Red Amber Ale,Alexander Keith 's,American Amber / Red Ale,5.00 %,Swashbuckler Red Sea Amber Ale,Swashbuckler Brewing Company,Amber Ale,-,340
0,Commander Clifford _ ™ s Imperial Red Ale,The Wrecking Bar Brewpub,American Amber / Red Ale,9.00 %,Proof Abandoned Planet Imperial Red Ale,Proof Brewing Company,Amber Ale,7.50 %,343
0,Bourbon Barrel Aged Behemoth With Cherries,3 Floyds Brewing Co. .,American Barleywine,12.50 %,Lompoc Bourbon Barrel Aged Old Tavern Rat,Lompoc Brewing,Barley Wine,9.70 %,344
0,John Barleycorn - Bourbon Barrel Aged,Mad River Brewing Company,American Barleywine,12.50 %,Actual Bourbon Barrel Aged Elektron,Actual Brewing Company,Amber Ale,7.30 %,345
0,Red Rock Amber Ale,OPA-OPA Steakhouse & Brewery,American Amber / Red Ale,6.00 %,Elk Mountain Rock Slide Amber Ale,Elk Mountain Brewing Company,Amber Ale,5.50 %,347
0,Fire Brew Red Ale,Minhas Craft Brewery,American Amber / Red Ale,5.50 %,Conshohocken Hale Fire Red Ale,Conshohocken Brewing Co. .,Amber Ale,6.60 %,348
0,Buffalo Trace Bourbon Barrel Aged Amber Ale,Wolf Hills Brewing Company,American Amber / Red Ale,-,Bull & Barrel Session Style - Amber Ale,Bull & Barrel Brew Pub,Amber Ale,4.70 %,350
0,Fresh Hopped Harvest Ale,Big Al Brewing,American Amber / Red Ale,-,10 Barrel Crosby Farms Harvest Fresh Hop Ale,10 Barrel Brewing &#40; AB InBev &#41;,India Pale Ale &#40; IPA &#41;,5.50 %,351
0,Oatmeal Raisin Cookie Ale,Bluebird Microcreamery & Brewery,American Amber / Red Ale,5.90 %,Aftershock Oatmeal Raisin Cookie Ale,Aftershock Brewing Company,Golden Ale/Blond Ale,5.50 %,352
0,Premium Red Ale,Uehara Shuzou Co. Ltd. / Echigo Beer Pub,American Amber / Red Ale,6.00 %,Ranga Premium Red Ale,Southern Bay Brewing Company,Amber Ale,4.50 %,353
0,Rabbit Punch Irish Red Ale,Ram Restaurant & Brewery,American Amber / Red Ale,5.70 %,300 Suns Rabbit Mountain Red Ale,300 Suns Brewing,Amber Ale,6 %,355
0,Old Blarney Barleywine - Bourbon Barrel Aged,Moylan 's Brewery,American Barleywine,10.00 %,21st Amendment Bourbon Barrel Lower da Boom Barleywine,21st Amendment Brewery,Barley Wine,9.50 %,356
0,Sledgehammer Imperial Red Ale,Cambridge Brewing Company,American Amber / Red Ale,7.75 %,Laurelwood Organic Deranger Imperial Red Ale,Laurelwood Public House & Brewery,American Strong Ale,8.60 %,357
0,Legends Of The Bay Giant 's Tomb,Hockley Valley Brewing Co. .,American Amber / Red Ale,5.00 %,Legends of the Bay Ghosts of Hope Island,Hockley Valley Brewing & Malting Company,Amber Ale,5 %,358
0,Bulleit Bourbon Barrel Aged G'Knight,Oskar Blues Grill & Brew,American Amber / Red Ale,8.70 %,Figure Eight Bourbon Barrel Aged Jumbo Love,Figure Eight Brewing,Barley Wine,-,359
0,Double Dragon Imperial Red Ale,Phillips Brewing Company,American Amber / Red Ale,8.20 %,Scuttlebutt Mateo Loco Imperial Red Ale,Scuttlebutt Brewing Co. .,American Strong Ale,7.10 %,360
0,Batch 200 _ `` Olympus Mons Imperial Red Ale,Due South Brewing Co. .,American Amber / Red Ale,9.20 %,Scuttlebutt Mateo Loco Imperial Red Ale,Scuttlebutt Brewing Co. .,American Strong Ale,7.10 %,361
0,Clifford 's Big Red Ale,Funky Buddha Brewery,American Amber / Red Ale,9.70 %,Big Island Red Giant Ale,Big Island Brewhaus,American Strong Ale,6.50 %,363
0,Clifford 's Big Red Ale,Funky Buddha Brewery,American Amber / Red Ale,9.70 %,Big Time Lift Ticket American Red Ale,Big Time Brewery,India Pale Ale &#40; IPA &#41;,7 %,364
0,Aqula American Amber Ale,Bier Kaffee Aqula,American Amber / Red Ale,4.50 %,Heavy Seas Desert Island Series American Honey Amber Ale,Heavy Seas Brewing Company,Amber Ale,4.90 %,366
0,Honey Amber Ale,RJ Rockers Brewing Company,American Amber / Red Ale,5.80 %,Heavy Seas Desert Island Series American Honey Amber Ale,Heavy Seas Brewing Company,Amber Ale,4.90 %,367
0,Rocket City Red,Straight To Ale,American Amber / Red Ale,5.00 %,Sawdust City Red Rocket Coffee Spiced Stout,Sawdust City Brewing Company,Spice/Herb/Vegetable,5.20 %,368
0,Twisted Stick Amber Ale,Portneuf Valley Brewing,American Amber / Red Ale,-,Sick N Twisted Pleasure Victim Amber Ale,Sick N Twisted Brewing Company,Amber Ale,5.50 %,370
0,Red Hopper ( Imperial Red Ale ),Black Acre Brewing Co. .,American Amber / Red Ale,6.20 %,Brannon_s Deputation Imperial Red Ale,Brannon_s Pub and Brewery,American Strong Ale,8.79 %,371
0,Smuttynose Kindest Find Imperial Red Ale,Smuttynose Brewing Company,American Amber / Red Ale,8.50 %,Brannon_s Deputation Imperial Red Ale,Brannon_s Pub and Brewery,American Strong Ale,8.79 %,372
0,Red Hopper ( Imperial Red Ale ),Black Acre Brewing Co. .,American Amber / Red Ale,6.20 %,Kinetic Infrared Imperial Red Ale,Kinetic Brewing Company,American Strong Ale,9.30 %,373
0,BJ 's Imperial Red Ale,BJ 's Restaurant & Brewhouse,American Amber / Red Ale,9.00 %,Kinetic Infrared Imperial Red Ale,Kinetic Brewing Company,American Strong Ale,9.30 %,374
0,Red Racer India Style Red Ale,Central City Brewers + Distillers,American Amber / Red Ale,5.60 %,Heist American Style Red Ale,Heist Brewery,Amber Ale,4.50 %,375
0,Red Racer India Style Red Ale,Central City Brewers + Distillers,American Amber / Red Ale,5.60 %,GoodLife Redside India Red Ale,GoodLife Brewing Company,India Pale Ale &#40; IPA &#41;,6 %,376
0,Green Flash Hop Head Red Ale,Green Flash Brewing Co. .,American Amber / Red Ale,8.10 %,Iron Horse Fresh Hop Imperial Red Ale,Iron Horse Brewery,American Strong Ale,-,377
0,Green Flash Hop Head Red Ale,Green Flash Brewing Co. .,American Amber / Red Ale,8.10 %,Bagby Hop Crop Red Ale,Bagby Beer Company,Amber Ale,5.90 %,378
0,Pike Old Bawdy Barley Wine,The Pike Brewing Company,American Barleywine,9.90 %,Bristol Old No. 23 Barley Wine,Bristol Brewing Company,Barley Wine,11.25 %,379
0,Three Sheets Barleywine ( Syrah Barrel Aged ),Ballast Point Brewing Company,American Barleywine,9.00 %,Tighthead Barrel Aged Old Kaya Dog Barleywine,Tighthead Brewing Company,Barley Wine,10.30 %,380
0,Red Rock Opie Red Ale,Red Rock Brewing Company,American Amber / Red Ale,4.00 %,Council Rock Sleeping Lion Red Ale,Council Rock Brewery,Irish Ale,6 %,381
0,Ruby Red American Ale,Fat Bottom Brewing,American Amber / Red Ale,6.10 %,Black Shirt American India Red Ale,Black Shirt Brewing Company,American Strong Ale,7.09 %,382
0,Ruby Red American Ale,Fat Bottom Brewing,American Amber / Red Ale,6.10 %,Genesee Brew House American Red Ale,Genesee Brewing Company &#40; North American Breweries &#41;,Amber Ale,5 %,383
0,Rock Bottom Red Ale,Rock Bottom Restaurant & Brewery,American Amber / Red Ale,5.60 %,Rock Bottom La Jolla Ragtop Red Ale,Rock Bottom La Jolla,Amber Ale,5.40 %,384
0,Hop Around Imperial Red Ale,Big Bay Brewing Co. .,American Amber / Red Ale,9.00 %,Marble Imperial Red Ale,Marble Brewery,American Strong Ale,9 %,385
0,Hop Around Imperial Red Ale,Big Bay Brewing Co. .,American Amber / Red Ale,9.00 %,Kern River Dirty Hippie Imperial Red Ale,Kern River Brewing,American Strong Ale,8 %,386
0,Blue Bridge Amber Dry Hopped,Galveston Island Brewing Company,American Amber / Red Ale,6.00 %,Winthrop Double Dry Hopped Amber,Winthrop Brewing Company,Amber Ale,-,387
0,Bourbon Barrel Aged Horus Imperial Red,Elevator Brewery & Draught Haus,American Amber / Red Ale,12.00 %,Lompoc Bourbon Barrel Aged Old Tavern Rat,Lompoc Brewing,Barley Wine,9.70 %,389
0,Bourbon Barrel Aged Horus Imperial Red,Elevator Brewery & Draught Haus,American Amber / Red Ale,12.00 %,Riverbend Barrel Aged Right Said Red,Riverbend Brewing & Sports Pub,American Strong Ale,9.20 %,390
0,Lavery Imperial Red Ale,Lavery Brewing Company,American Amber / Red Ale,8.20 %,Laurelwood Organic Deranger Imperial Red Ale,Laurelwood Public House & Brewery,American Strong Ale,8.60 %,391
0,Lavery Imperial Red Ale,Lavery Brewing Company,American Amber / Red Ale,8.20 %,Ale Mania Imperial Red Ale,Ale Mania &#40; Fritz Ale &#41;,American Strong Ale,9.50 %,392
0,Sledgehammer Imperial Red Ale,Cambridge Brewing Company,American Amber / Red Ale,7.75 %,Ale Mania Imperial Red Ale,Ale Mania &#40; Fritz Ale &#41;,American Strong Ale,9.50 %,393
0,Smuttynose Kindest Find Imperial Red Ale,Smuttynose Brewing Company,American Amber / Red Ale,8.50 %,Rock Bottom Orland Park King of Hearts Imperial Red Ale,Rock Bottom Orland Park,American Strong Ale,7.60 %,394
0,Red Shedman 's Imperial Amber Ale,57 Brew Pub & Bistro,American Amber / Red Ale,7.60 %,Rock Bottom Orland Park King of Hearts Imperial Red Ale,Rock Bottom Orland Park,American Strong Ale,7.60 %,395
0,Smuttynose Kindest Find Imperial Red Ale,Smuttynose Brewing Company,American Amber / Red Ale,8.50 %,Ballast Point Tongue Buckler Imperial Red Ale - Bourbon Barrel Aged,Ballast Point Brewing Company,American Strong Ale,10 %,396
0,Brewmaster 's Reserve Imperial Red Ale,BJ 's Chicago Pizza & Brewery Inc. .,American Amber / Red Ale,9.20 %,Ballast Point Tongue Buckler Imperial Red Ale - Bourbon Barrel Aged,Ballast Point Brewing Company,American Strong Ale,10 %,397
0,Good Medicine Strong Red Ale,Great Northern Brewing Co. / Black Star Draught House,American Amber / Red Ale,7.50 %,Good People Stepchild Belgian India Red Ale,Good People Brewing Company,India Pale Ale &#40; IPA &#41;,7.80 %,398
0,Tongue Buckler - Imperial Red Ale,Ballast Point Brewing Company,American Amber / Red Ale,10.00 %,Three Heads Buffalo Soul Jah Imperial Red Ale,Custom Brewcrafters,American Strong Ale,9.20 %,399
0,Tongue Buckler - Imperial Red Ale,Ballast Point Brewing Company,American Amber / Red Ale,10.00 %,Worthy Eruption Imperial Red Ale,Worthy Brewing Company,American Strong Ale,8 %,400
0,Rocky Point Red Ale,Revival Brewing Co. .,American Amber / Red Ale,5.50 %,Alley Kat Rocky Mountain Red Ale &#40; The Cheesecake Cafe &#41;,Alley Kat Brewing Company,Irish Ale,-,402
0,Big Red Ale,Red Car Brewery and Restaurant,American Amber / Red Ale,5.70 %,Big Bear Lake Sidewinder Red Ale,Big Bear Lake Brewing Company,Amber Ale,8.50 %,403
0,Alexander Keith 's Red Amber Ale,Alexander Keith 's,American Amber / Red Ale,5.00 %,Hollywood Beach Red Tide Amber Ale,Hollywood Beach Brewing Company,Amber Ale,5.20 %,404
0,Brass Ale Honey Amber,Great Storm Brewing Co. .,American Amber / Red Ale,5.30 %,Salty Nut Bee Transfixed Honey Amber Ale,Salty Nut Brewery,Amber Ale,5.50 %,405
0,Tongue Buckler ( Bourbon Barrel Aged ),Ballast Point Brewing Company,American Amber / Red Ale,10.00 %,23rd Street Pumpkin Ale Bourbon Barrel Aged,23rd Street Brewery,Specialty Grain,-,406
0,Main Street Amber Ale,Fifty West Brewing Co,American Amber / Red Ale,4.60 %,Thorn Street Smugglers Cove Agave Amber Ale,Thorn Street Brewery,Amber Ale,6.20 %,407
0,Inception Series - Runnin ' With The Devil,Nebraska Brewing Company,American Barleywine,11.90 %,18th Street Deal With the Devil Pale Ale,18th Street Brewery,Imperial IPA,8.50 %,408
0,Sanibel Red Island Ale,Point Ybel Brewing Company,American Amber / Red Ale,5.60 %,Baranof Island Redoubt Red Ale,Baranof Island Brewing Company,Amber Ale,6 %,409
0,Red Rocket Amber Ale,Third Base Sports Bar & Brewery,American Amber / Red Ale,6.40 %,Liberty Street Red Glare Amber Ale,Liberty Street Brewing Company,Amber Ale,5.20 %,411
0,Three Beavers Imperial Red Ale,Howe Sound Inn & Brewing Company,American Amber / Red Ale,7.50 %,Lavery Imperial Red Ale &#40; IRA &#41;,Lavery Brewing Company,American Strong Ale,8.20 %,412
0,Elevator Barrel Aged Barley Wine ( Bar Bar ),Elevator Brewery & Draught Haus,American Barleywine,11.00 %,Hopworks Bourbon Aged Noggin Floggin Barley Wine,Hopworks Urban Brewery,Barley Wine,9.50 %,413
0,Buffalo Soul Jah Imperial Red Ale,Three Heads Brewing,American Amber / Red Ale,9.20 %,Pizza Port Rhino Chaser Imperial Red Ale,Pizza Port &#40; Ocean Beach &#41;,American Strong Ale,9.50 %,415
0,Red Headed Slut Amber Ale,Twisted K-8 Brewing Company,American Amber / Red Ale,6.50 %,Blue Cat Red Toad Amber Ale,Blue Cat Brew Pub,Premium Bitter/ESB,5.70 %,416
0,Sierra Amber Ale,Silver Peak Restaurant & Brewery,American Amber / Red Ale,4.50 %,Sierra Andina Alpamayo Amber Ale,Sierra Andina,Amber Ale,5.80 %,417
0,Buck And Ball Double Amber Ale,Natty Greene 's Pub & Brewing Co. .,American Amber / Red Ale,6.80 %,Fox and Hound Red Fox Amber Ale,Anheuser-Busch InBev,Amber Ale,5.10 %,418
0,Green Lakes Organic Ale,Deschutes Brewery,American Amber / Red Ale,5.20 %,Deschutes Green Lakes Non-Organic Ale,Deschutes Brewery,Amber Ale,6.40 %,419
0,Starlord 's Mixtape / Groot Drank Imperial Red Ale,Charging Hippo Brewing Co. .,American Amber / Red Ale,8.20 %,406 Imperial Red Ale,406 Brewing Company,American Strong Ale,9.20 %,420
0,Starlord 's Mixtape / Groot Drank Imperial Red Ale,Charging Hippo Brewing Co. .,American Amber / Red Ale,8.20 %,Lagunitas Imperial Red Ale,Lagunitas Brewing Company &#40; Heineken &#41;,American Strong Ale,7.80 %,421
0,Rabbit Mountain Red Ale,300 Suns Brewing,American Amber / Red Ale,6.80 %,Figueroa Mountain / Pizza Port Shark Lips Imperial Red Ale,Figueroa Mountain Brewing,American Strong Ale,8 %,422
0,Easy Amber Ale,Scottsdale Beer Company,American Amber / Red Ale,5.70 %,Upland Easy Chair Amber Ale,Upland Brewing Company,Amber Ale,5.60 %,423
0,Barrel Aged Imperial Red,Hale 's Ales Brewery & Pub,American Amber / Red Ale,9.00 %,Intuition Barrel Aged Riverside Red,Intuition Ale Works,Amber Ale,7.80 %,425
0,Barrel Aged Imperial Red,Hale 's Ales Brewery & Pub,American Amber / Red Ale,9.00 %,Kettle House Bourbon Barrel Road Rash Imperial Red Ale,Kettle House Brewing Company,American Strong Ale,13 %,426
0,Lower De Boom Barleywine,21st Amendment Brewery,American Barleywine,11.50 %,21st Amendment Bourbon Barrel Lower da Boom Barleywine,21st Amendment Brewery,Barley Wine,9.50 %,427
0,Ulysses Imperial Red Ale,Barley 's Brewing Company,American Amber / Red Ale,-,Renegade Scarlett Letter Imperial Red Ale,Renegade Brewing Company,American Strong Ale,8.50 %,428
0,Amber Ale With Spanish Orange,Dangerous Man Brewing,American Amber / Red Ale,6.00 %,Big Bear Mountain Orange Blossom Amber Ale,Big Bear Mountain Brewery,Fruit Beer,4.50 %,429
0,Brew Kahuna NW Red Ale,Sky High Brewing,American Amber / Red Ale,5.20 %,Brew Bus Detour Series : Rollin Dirty Red Ale - Wood Aged,Cigar City Brewing,Irish Ale,5 %,430
0,Old Guardian Barley Wine Style Ale - Red Wine Barrel Aged,Stone Brewing Co. .,American Barleywine,11.20 %,Brew Bus Detour Series : Rollin Dirty Red Ale - Wood Aged,Cigar City Brewing,Irish Ale,5 %,431
0,Frost Quake Bourbon Barrel Aged Barley Wine,Wellington County Brewery,American Barleywine,9.80 %,Lompoc Bourbon Barrel Aged Proletariat Red Ale,Lompoc Brewing,Amber Ale,6.40 %,433
0,Ambleside Amber Ale,Bridge Brewing Company,American Amber / Red Ale,5.30 %,Bridge Ambleside Amber Ale - Pomegranate & Galena Hops,Bridge Brewing Company,Amber Ale,5.30 %,434
0,Mountain City Amber Ale,Tommyknocker Brewery,American Amber / Red Ale,5.40 %,Fin City Jackspot Amber Ale,Fin City Brewing Company,Amber Ale,5.80 %,435
0,Mountain City Amber Ale,Tommyknocker Brewery,American Amber / Red Ale,5.40 %,Colorado Mountain Ole 59er Amber Ale,Colorado Mountain Brewery,Amber Ale,5.20 %,436
0,Imperial Red Ale ( Spring Seasonal ),Edge Brewing Company,American Amber / Red Ale,8.50 %,Ballast Point Tongue Buckler Imperial Red Ale,Ballast Point Brewing Company,American Strong Ale,10 %,437
0,Unite Red Rye Ale,The Pike Brewing Company,American Amber / Red Ale,4.60 %,Midnight Sun Unite Double Red Hot Ale &#40; 2015 &#41;,Midnight Sun Brewing Company,Amber Ale,7.50 %,439
0,Red Dread Imperial Red Ale,Bitter Root Brewing,American Amber / Red Ale,8.24 %,Two Brothers Revelry Imperial Red Ale,Two Brothers Brewing Company,American Strong Ale,9.50 %,440
0,Red Toad Amber Ale,Blue Cat Brew Pub,American Amber / Red Ale,5.70 %,Baird Red Rose Amber Ale,Baird Brewing Co. .,California Common,5.40 %,441
0,Red Dirt Imperial Red Ale,Wiley Roots Brewing Co,American Amber / Red Ale,8.20 %,AleSmith YuleSmith &#40; Winter &#41; Imperial Red Ale,AleSmith Brewing Company,American Strong Ale,8.50 %,442
0,Red Fox Amber Ale,Rogue Ales,American Amber / Red Ale,-,Big Texan Texas Red Amber Ale,Big Texan Brewery,Amber Ale,4.50 %,443
0,Mount Washington Organic Amber Ale,Peak Organic Brewing Company,American Amber / Red Ale,-,Outpost Mr. Grain Jeans Organic Amber Ale,Lakefront Brewery,Amber Ale,5.50 %,444
0,Imperial Moustache Red Ale,Salty Nut Brewery,American Amber / Red Ale,6.00 %,Phillips Double Dragon Imperial Red Ale,Phillips Brewing Co. .,American Strong Ale,8.20 %,445
